domainName,
alertlogic.punchout2go.com,
alertlogic.stageslapfive.com,
alertlogic.nettracer.aero,
alertlogic.angrylaser.com,
alertlogic.lookbookhq.com,
alertlogic.zendesk.com,
alertlogic.datakeeper.com,
alertlogic.sort.co.uk,
alertlogic.si-servers.com,
alertlogic.slapfive.com,
alertlogic.fcltd.net,
alertlogic1.mktoweb.com,
alertlogic.auth0.com,
alertlogic.securacloud.com,
alertlogic02.securacloud.com,
alertlogic01.netaspx.com,
alertlogic.qa.hbr.org,
alertlogic-lm.navisite.com,
wm-alertlogic.randomhouse.com,
alertlogic-tm2.navisite.com,
alertlogic-tm.mediatemple.net,
alertlogic-lm.mediatemple.net,
alertlogic.sc.omtrdc.net,
alertlogic-tm.kavi.com,
alertlogic.net.websiteoutlook.com,
alertlogic.com.websiteoutlook.com,
alertlogic.net.mcas.ms,
alertlogic-tm1.navisite.com,
alertlogic.com.outerstats.com,
www.alertlogic.angrylaser.com,
alertlogic-ids.punchout2go.com,
alertlogic-waf.ingresso.co.uk,
alertlogic.com.mcas.ms,
alertlogic.net.admin-mcas.ms,
alertlogic.com.admin-mcas.ms,
alertlogic.ispo.fsu.edu,
mail.alertlogic.angrylaser.com,
alb-alertlogic.lookbookhq.com,
alertlogiclearn.csod.com,
alertlogic-logs.punchout2go.com,
66l-alertlogic01.navisite.com,
alertlogic.com.us.cas.ms,
alertlogic.co.uk.mcas.ms,
alertlogic.dpdcn.unt.edu,
alertlogic.co.uk.admin-mcas.ms,
alertlogic.net.us.cas.ms,
alertlogic.com.us3.cas.ms,
alertlogic.border.unt.edu,
alertlogic.com.eu.cas.ms,
alertlogic.gabdcn.unt.edu,
cpanel.alertlogic.angrylaser.com,
alertlogic.net.eu.cas.ms,
alertlogic-agg-01.oswego.edu,
alertlogic.com.eu2.cas.ms,
alertlogic.com.us2.cas.ms,
alertlogic-lc.acsu.buffalo.edu,
alertlogic.net.eu2.cas.ms,
alertlogic.staging.b2e5.com,
webdisk.alertlogic.angrylaser.com,
alertlogic.net.us2.cas.ms,
webmail.alertlogic.angrylaser.com,
alertlogic.net.us3.cas.ms,
vpn.alertlogic.aws.logicworks.net,
alertlogic-employee.zendesk.com,
alertlogic.co.uk.us3.cas.ms,
alertlogic.co.uk.us.cas.ms,
alertlogic.co.uk.eu.cas.ms,
alertlogicnimboazure.splashthat.com,
p5d-alertlogic-lm-01.navisite.net,
cpcontacts.alertlogic.angrylaser.com,
alertlogicvirtserver.docuprint.com,
p5d-alertlogic-tm-01.navisite.net,
alertlogic1459858772.zendesk.com,
alertlogic.co.uk.us2.cas.ms,
iso-alertlogic2.acsu.buffalo.edu,
alertlogic.co.uk.eu2.cas.ms,
alertlogic-hb4e.hbsp.harvard.edu,
iso-alertlogic1.acsu.buffalo.edu,
alertlogic-poc-eks.in.ft.com,
alertlogic-poc-ecs.in.ft.com,
alertlogic-poc-ec2.in.ft.com,
cpcalendars.alertlogic.angrylaser.com,
alertlogicnimboazuresf.splashthat.com,
cloudinsight.alertlogic.sort.co.uk,
alertlogic.com.admin-us3.cas.ms,
alertlogic.com.admin-us.cas.ms,
alertlogic.net.admin-eu.cas.ms,
alertlogic.com.admin-us2.cas.ms,
alertlogic.net.admin-us3.cas.ms,
alertlogic.com.admin-eu.cas.ms,
alertlogic.net.admin-us.cas.ms,
alertlogic.net.admin-eu2.cas.ms,
alertlogic.com.admin-eu2.cas.ms,
alertlogic.net.admin-us2.cas.ms,
alertlogic.co.uk.admin-eu2.cas.ms,
alertlogic.co.uk.admin-us.cas.ms,
alertlogic.co.uk.admin-eu.cas.ms,
alertlogic-69-16-156-33.phx2.puregig.net,
alertlogic.co.uk.admin-us3.cas.ms,
alertlogic.co.uk.admin-us2.cas.ms,
alertlogic-69-16-156-32.phx2.puregig.net,
alertlogic-69-16-156-36.phx2.puregig.net,
alertlogic-us-nebula-com.go.akamai-access.com,
alertlogic-69-16-156-34.phx2.puregig.net,
alertlogic-69-16-156-35.phx2.puregig.net,
alertlogic-69-16-156-38.phx2.puregig.net,
sandbox-alertlogic-employees.zendesk.com,
alertlogic-69-16-156-39.phx2.puregig.net,
alertlogic-69-16-156-37.phx2.puregig.net,
alertlogic-co-uk.mail.protection.outlook.com,
alertlogicelb-1135227102.us-west-2.elb.amazonaws.com,
alertlogic-wms-958634234.us-west-2.elb.amazonaws.com,
alertlogicfront-1276075542.us-east-1.elb.amazonaws.com,
kibana-internal.cloudinsight.alertlogic.sort.co.uk,
alertlogicfront2-1853058561.us-east-1.elb.amazonaws.com,
alertlogicfront-eu-766603723.eu-west-1.elb.amazonaws.com,
alertlogic-wsm-374949015.eu-central-1.elb.amazonaws.com,
alertlogicfront-nostickiness-211981503.us-east-1.elb.amazonaws.com,
alertlogic-stg-loginportal-835610834.us-east-1.elb.amazonaws.com,
botoxoneprod-alertlogicfront-119588514.us-east-1.elb.amazonaws.com,
alertlogicfront2-nostickiness-309971759.us-east-1.elb.amazonaws.com,
alertlogic-elbwsm-1ksap28ptyk6e-1941605011.us-west-2.elb.amazonaws.com,
alertlogicfront-extcontrolled-1895937590.us-east-1.elb.amazonaws.com,
alertlogicfront2-extcontrolled-902605471.us-east-1.elb.amazonaws.com,
alertlogic-elbwsm-156583l4rg8xd-123362410.us-west-2.elb.amazonaws.com,
alertlogicw-elbwsm-1ulm82oatyqtw-583072897.us-east-1.elb.amazonaws.com,
alertlogicfront-extcontrolled-eu-1261813826.eu-west-1.elb.amazonaws.com,
alertlogic2-extcont-nostickiness-2078888369.us-east-1.elb.amazonaws.com,