domainName,
containers.angeltechnology.net,
containers.enterprisedb.com,
containers.gubbinz.network,
containers.idesoft.co,
containers.ingreat.eu,
containers.manualslibrary.org,
containers.openedu.tw,
containers.outof.coffee,
containers.samsungfastservice.ru,
containers.sistemasgv.com,
containers.syntacticsugar.io,
containers.tuchiktio.com,
containers.zeepeetek.pl,
containers.hostbread.com,
containers.willfantom.com,
containers.garygary.uk,
containers.mybluemix.net,
containers.insights5.com,
containers.all.biz,
containers.travel-kit.org,
containers.lvielement.fi,
containers.supersoft.com.br,
containers.dixitsardana.com,
containers.visityakima.com,
containers.duffytransport.ie,
containers.mediaplayer10.net,
containers.websearchextension.com,
containers.onafhankelijkecontraexpertisetaxatie.nl,
containers.linksstart.nl,
containers.startspot.nl,
containers.page4me.ch,
containers.simmac.ovh,
containers.arpad.ga,
containers.alucobonds.uz,
containers.antipy.com,
containers.appollo.dev,
containers.blue-cloud.live,
containers.cbcash.org,
containers.bespin.org.uk,
containers.mills.io,
containers.noomist.com,
containers.proclaimgroup.com,
containers.solutions-on-web.com,
containers.internet.fo,
containers.evrocom.net,
containers.seafreightusa.com,
containers.bournetoserve.net,
containers.fibbot.io,
containers.anywaymovingandstorage.com,
containers.vulsteke-verbeke.be,
containers.to-go.org,
containers.caestusmetalican.org,
containers.salop.co.jp,
containers.johan.nl,
containers.biolib.com,
containers.recsyslabs.ml,
containers.mygreenway.eu,
containers.chrishatton.org,
containers.ovlahtinen.fi,
containers.kodi.live,
containers.templatesearch.net,
containers.altes.ltd,
containers.pbcs-shop.ru,
containers.infoserve.com,
containers.libgen.nl,
containers.fluid7.co.uk,
containers.trendlab.io,
containers.web-puzzle.com,
containers.spasovi-trans.com,
containers.halfi.ru,
containers.ipservidores.com.br,
containers.moultdry.org,
containers.mydictionary.online,
containers.oracledatacloud.com,
containers.bbsmedia.ro,
containers.ezyid.com,
containers.gabella.life,
containers.lucamoser.io,
containers.recipestab.com,
containers.mexicored.com.mx,
containers.lunchboxi.com,
containers.placemytag.com,
containers.tbureck.de,
containers.typayroll.co.nz,
containers.steelsafestorage.com,
containers.dryboxusa.com,
containers.caioalcantara.dev,
containers.volin.io,
containers.rex.cx,
containers.apilogic.nl,
containers.midion.net,
containers.mywebis.green,
containers.gulifa.co,
containers.robgordijn.dev,
containers.searchandprint.recipes,
containers.aateq.com,
containers.prauscher.de,
containers.remote-lab.net,
containers.adshield.me,
containers.canvasdesign.eu,
containers.cloudwagons.com,
containers.containers.ch,
containers.decima.co,
containers.excellentwaycargo.com,
containers.opspace.net,
containers.portermotorcycle.eu,
containers.refactoredfarm.com,
containers.searchfordirections.com,
containers.stigblog.com,
containers.stratechsc.mx,
containers.swiftblue.net,
containers.kulahli.com,
containers.nichost.ru,
containers.kjschubert.de,
containers.112tech.ro,
containers.internationalshippingusa.com,
containers.epiuse.co.za,
containers.citybuildtrade.com,
containers.databerry.net,
containers.genomicblockchains.com,
containers.peelports.com,
containers.ellisys.com,
containers.hashpuddle.com,
containers.legalizer.cc,
containers.dodenciu.com,
containers.dtcooper.com,
containers.phalanx.link,
containers.mapsrch.net,
containers.getmyofficex.org,
containers.breakingnewstab.net,
containers.vanderlinderecycling.com,
containers.feenicsdev.com,
containers.files.info,
containers.axiomxrg.io,
containers.freetvsearch.org,
containers.gregsmith.nyc,
containers.topshell.co.za,
containers.mapstab.com,
containers.privatemachines.com,
containers.serversadmins.com,
containers.solohart.com,
containers.unzipper.com,
containers.caseywebb.xyz,
containers.smartvolta.com,
containers.squadors.com,
containers.bynov.dev,
containers.thatdevopsguy.com,
containers.glsgroup.in,
containers.allepaginas.nl,
containers.patak.es,
containers.tipjes.nl,
containers.wavelarn.com,
containers.foodstorageq.com,
containers.nickhepler.cloud,
containers.banished.website,
containers.kotlin-sc.ru,
containers.333333.dev,
containers.a2z-mail.co.uk,
containers.izborsk-club.ru,
containers.searchbypdftodoc.com,
containers.getfreshytvguidetab.com,
containers.noviglia.com,
containers.pictures18.com,
containers.reygn.com,
containers.skorzeny.eu,
containers.dennisdegryse.be,
containers.ixbitz.com,
containers.totesguide.biz,
containers.expertpagina.be,
containers.mxservhost.com.br,
containers.ranok.in.ua,
containers.stolworthy.co,
containers.storas.me,
containers.trexity.net,
containers.appsbeat.net,
containers.d2t2.systems,
containers.frompdftodoc.com,
containers.ignitefly.com,
containers.mountaindometired.com,
containers.ohsoftwares.com,
containers.teasegroup.com,
containers.aboyzarm.com,
containers.aeoss.io,
containers.green-processing.com,
containers.music.blog,
containers.andrewgarrett.dev,
containers.aesensa.com,
containers.sahomascada.io,
containers.staging-mable.com.au,
containers.scad.dev,
containers.ctrlaltstock.com,
containers.apievangelist.com,
containers.nowlive.ro,
containers.hdreactor.net,
containers.carbonblack.io,
containers.itreetools.org,
containers.searchtabnew.com,
containers.hoganmoving.com,
containers.int18.fr,
containers.loadedcloud.com.au,
containers.loxmining.com,
containers.notesapp.io,
containers.plugblocks.fr,
containers.quickspeedtest.net,
containers.reversesearch.org,
containers.searchforcoupons.org,
containers.searchmyinbox.com,
containers.splenoso.com,
containers.suckmy.stream,
containers.twilightouter.com,
containers.wallpapers.fm,
containers.weathertab.org,
containers.credenceanalytics.com,
containers.goodwith.tech,
containers.saxongroup.com,
containers.arvan.me,
containers.gettvsearch.org,
containers.zambuja.cl,
containers.saraya.ps,
containers.appdomain.cloud,
containers.friendlyautomate.com,
containers.us.com,
containers.iot-platform.org,
containers.vermining.com,
containers.1240kse.net,
containers.serienstream.sx,
containers.pcscontainer.com,
containers.egyptblogs.com,
containers.conc.at,
containers.publicarweb.com,
containers.polyrithm.com,
containers.bertus.dev,
containers.prod-okwind.fr,
containers.handfast.se,
containers.ricky-dev.com,
containers.mzf.fr,
containers.safmar.services,
containers.findforms.info,
containers.puscii.nl,
containers.roduq.pl,
containers.feenics.com,
containers.mreach.com,
containers.bruco-containers.com,
containers.topdanmarkintranet.dk,
containers.bhdouglass.com,
containers.bulind.bg,
containers.benocs.com,
containers.dinoeagle.com,
containers.followmyvote.com,
containers.admirenetwork.xyz,
containers.spacehackademy.ovh,
containers.retimax.org,
containers.mymapsrch.com,
containers.repository.ro,
containers.rikblog.com,
containers.hexerio.com,
containers.oerfoundation.org,
containers.87studio.eu,
containers.barpresto.com,
containers.blaumedia.com,
containers.bynov.host,
containers.gikipedia.com,
containers.donclick.de,
containers.taha.io,
containers.keesee.net,
containers.chipin.id,
containers.uwpagina.nl,
containers.tropicaltrailer.com,
containers.slimmestart.nl,
containers.vphrase.com,
containers.mivune.com,
containers.wtlteam.cz,
containers.ardicaconstrucciones.com,
containers.printrecipes.net,
containers.getfreshyrecipes.com,
containers.newtabbyfrompdftodoc.com,
containers.theindigenousgardener.co.za,
containers.uwstartpagina.com,
containers.idealevents-staging.com,
containers.mp3misc.com,
containers.timflix.stream,
containers.actiesese.eu,
containers.alphard.space,
containers.applecss.com,
containers.chainfinancial.services,
containers.credible.co.ke,
containers.deskl.org.uk,
containers.easyrecipessearch.com,
containers.findweather.com,
containers.funnelbooststaging.com,
containers.noneck.io,
containers.timrogers.co.uk,
containers.virtualguest.com.au,
containers.1-oz.info,
containers.hdreactor.club,
containers.trusch.io,
containers.car.blog,
containers.malloc.hr,
containers.approvers.dev,
containers.sourcebreaker.dev,
containers.wildcardcorp.com,
containers.swmobilestorage.com,
containers.budgetboxonline.com,
containers.how2trak.com,
containers.be-gi.ru,
containers.fantom.host,
containers.archee.fr,
containers.priceandspeedcontainers.com.au,
containers.freshyrecipes.com,
containers.hugghallmobilestorage.com,
containers.xn---96-5cdjb8c8ag6ah8g.xn--p1ai,
containers.chatforge.me,
containers.oilessential.org,
containers.lcprojects.com.au,
containers.marketl.org,
containers.mutuus.net,
containers.alparcas.com.br,
containers.appdevbed.com,
containers.clickunits.com,
containers.convertmyfile.org,
containers.distributefate.eu,
containers.epicwip.co.uk,
containers.nitezh.men,
containers.qualitydecide.com,
containers.refactored.farm,
containers.streamtvsearch.com,
containers.vm.run,
containers.weapps.it,
containers.workingwitness.com,
containers.xashmining-ltc.com,
containers.fgtclb.com,
containers.aceandtate.com,
containers.eudat.eu,
containers.arcticleaf.io,
containers.smartbusinesslb.com,
containers.manga-tr.com,
containers.jensdb.online,
containers.customd.com,
containers.codemiller.com,
containers.codesoup.io,
containers.aaronsupreme.com,
containers.scheme.org,
containers.cssoftware.online,
containers.bvsurvagri.com,
containers.mysocialsearch.org,
containers.templatesearch.org,
containers.manualssearch.org,
containers.manualsdirectory.org,
containers.brightidea.cloud,
containers.puntnu.nu,
containers.expertpagina.nl,
containers.we-riot.com,
containers.knapovsky.com,
containers.ardenttrader.biz,
containers.cursormove.club,
containers.ecorelupm.es,
containers.exiela.eu,
containers.gurufocus.com,
containers.hacktrick.com.au,
containers.kidbox.net,
containers.swff.tk,
containers.tideanalytics.com,
containers.mulletin.de,
containers.payghost.tk,
containers.eastercandy.org,
containers.cloudhouse.com,
containers.devalertlist.com,
containers.aornis.net,
containers.b7y.io,
containers.ets.ge,
containers.water.blog,
containers.cosmeticsa.com,
containers.railtime.ru,
containers.portmc.com.au,
containers.apsidetop-devel.net,
containers.amacro.be,
containers.yongwen.xyz,
containers.ignorelist.com,
containers.disney.com,
containers.myradius.ru,
containers.megacosm.net,
containers.klau21sv.xyz,
containers.freight-box.com,
containers.mydesktopapps.net,
containers.tiew.com.br,
containers.vermai.re,
containers.redcoriander.com,
containers.observepoint.com,
containers.lw.net.nz,
containers.cybernetica.io,
containers.andrewx.net,
containers.arkania.cl,
containers.bigeth.io,
containers.dhqzac.men,
containers.ecodouble.cc,
containers.fileconvertor.org,
containers.get.recipes,
containers.naive.network,
containers.netcy.com,
containers.cryptiq.solutions,
containers.eupenu.info,
containers.newsreader.me,
containers.taxivey.com,
containers.suffolkwebsitebuilder.co.uk,
containers.theaudiocloud.com,
containers.pawandmaw.farm,
containers.pdf.studio,
containers.sobreath.net,
containers.system73.work,
containers.jv3.nl,
containers.intersystems.com,
containers.superheated.systems,
containers.kayacontainers.com,
containers.scadawarriors.com,
containers.linkjespagina.nl,
containers.influent.cc,
containers.lilbyte.dev,
containers.health.blog,
containers.goffinet.org,
containers.saoluisshopping.com,
containers.wpverse.net,
containers.prosirona.com,
containers.sedmie.com,
containers.dynns.com,
containers.culversfeedback.com,
containers.seedno.de,
containers.tech.blog,
containers.thortech-solutions.com,
containers.ro.school,
containers.financebiweekly.com,
containers.osgiliath.pw,
containers.andlima.com.br,
containers.riktop.com,
containers.quickrecipessearch.com,
containers.karpeer.net,
containers.foodstoragecontainer.biz,
containers.stgusa.com,
containers.blackbiz.info,
containers.orion-os.eu,
containers.zepheira.com,
containers.lahijiapps.dev,
containers.lopes.eng.br,
containers.lip-gloss.org,
containers.understood.org,
containers.arcadetab.com,
containers.sofitview.com.br,
containers.supplyoval.com,
containers.travelful.co,
containers.yozu.org,
containers.myhosted.site,
containers.officex.org,
containers.pds.team,
containers.cornersymbol.eu,
containers.jswebdiensten.nl,
containers.1oz.biz,
containers.mijnzooi.nl,
containers.promobud.ua,
containers.constructiondir.com,
containers.ammeijboom.nl,
containers.robinsystems.com,
containers.assistfile.com,
containers.emtech.cloud,
containers.emwict.se,
containers.mendenhall.io,
containers.domainsbyjim.com,
containers.danceplanet.co.kr,
containers.wegner.systems,
containers.scrubdaddy.com,
containers.cufy.house,
containers.trailerrental.com,
containers.netfiles.de,
containers.destarion.com,
containers.crypto7.com,
containers.globalpharmacycanada.com,
containers.hibbsiesites.com,
containers.openfiletab.live,
containers.yahoorecipesearch.com,
containers.videodownloadconvertor.com,
containers.brankovic.dev,
containers.bsfinance.biz,
containers.blug.app,
containers.krmz.info,
containers.5cm.ru,
containers.bauerd.net,
containers.bbusiness.org.uk,
containers.brackersmoon.com,
containers.dplgrout.cl,
containers.ebdm.dev,
containers.trinahost.com,
containers.cambiocds.com,
containers.packagetracker.pro,
containers.pleever.com,
containers.biw-services.com,
containers.i9networks.net.br,
containers.tupperwareguide.biz,
containers.plattslabs.com,
containers.ultrabytes.com.br,
containers.netrockmedia.com,
containers.vedbyte.com,
containers.taylorelley.com,
containers.thiagofer.com.br,
containers.neo-tokyo.no,
containers.freehd.com.ua,
containers.nickhepler.rocks,
containers.oldekalter-hgl.nl,
containers.cryptovision.com,
containers.gerg.io,
containers.ctrlz.es,
containers.uksivt.ru,
containers.monetr.dev,
containers.talentplatforms.net,
containers.entioshome.com,
containers.shelkoviyput.ru,
containers.daveyinstitute.com,
containers.mglopes.com,
containers.streamtvsearch.net,
containers.newtabbyfrompdftodoc.org,
containers.manualslibrary.co,
containers.getsafesearch.com,
containers.vacuumsealers.biz,
containers.pefranksmartsolutions.com,
containers.acraustralia.com,
containers.staqsoftware.com,
containers.tsoary.com,
containers.storagecontainer.biz,
containers.magbg.eu,
containers.geniuschange.com,
containers.gilmining.com,
containers.cicd.run,
containers.fashion.blog,
containers.pluser.net,
containers.ubncorporation.com,
containers.deterlab.net,
containers.thunderstresser.me,
containers.2-oz.org,
containers.hexjerky.tech,
containers.liquibrium.com,
containers.pnevietnam.com,
containers.wareicon.eu,
containers.xlmusictune.eu,
containers.chinese-firms.com,
containers.usd.edu,
containers.cryptoroute.pro,
containers.bitskins.si,
containers.ellie.moe,
containers.epgi.us,
containers.zoekeensop.nl,
containers.traditionalinvest.com,
containers.vittorazzi.com,
containers.ice-pack.org,
containers.dpldocs.info,
containers.robin.io,
containers.busscher.nl,
containers.kluh.com.br,
containers.clicksys.se,
containers.wineworks.co.nz,
containers.darklabs.us,
containers.itnidum.hu,
containers.travelcarma.com,
containers.solidyn.solutions,
containers.websearchextension.info,
containers.quickspeedtest.org,
containers.opencommons.org,
containers.start.be,
containers.typay.co.nz,
containers.wagner.town,
containers.blendersi.com,
containers.toolhouse.dev,
containers.ikf3.com,
containers.mattrenner.me,
containers.mylabonline.xyz,
containers.penradical.com,
containers.gresco.com,
containers.mapsrch.com,
containers.schikh.info,
containers.tmvbis.com.ua,
containers.vvamcr.com,
containers.auditorium17.com,
containers.canaltalk.org,
containers.celbix.com,
containers.emerging-leaders-ac.com,
containers.exea.pl,
containers.giddi.net,
containers.witiko.de,
containers.toythieves.com,
containers.vivatrade.io,
containers.yannik-systems.de,
containers.oldschoolgames.org,
containers.lucaburgazzoli.net,
containers.brownpapertickets.com,
containers.ginger-cat.ru,
containers.juju.solutions,
containers.packaging-business-review.com,
containers.leboncoin.ci,
containers.rathravane.com,
containers.enigmabolt.com,
containers.juky.app,
containers.inchurch.com.br,
containers.piratech.io,
containers.gkt.ie,
containers.kfintech.com,
containers.arknet.ch,
containers.lweb.space,
containers.pgiglobal.trade,
containers.hubrus.com,
containers.getmyofficex.info,
containers.packagetrackertab.net,
containers.getclearlauncher.com,
containers.landing-creator.ru,
containers.beelly.info,
containers.buildize.com,
containers.chilicode.ca,
containers.feusag.tv,
containers.kayg.org,
containers.metrono.de,
containers.searchformanuals.org,
containers.websupport.sk,
containers.my-space.co.in,
containers.mymapstab.com,
containers.ping.de,
containers.plugblocks.com,
containers.pzona.me,
containers.srchsafe.com,
containers.urbanpets.cl,
containers.mediaplayer10.com,
containers.mpr.works,
containers.pinkseek.com,
containers.101sweets.com,
containers.ecvador.uno,
containers.privatebits.eu,
containers.wur.nl,
containers.compricer.org,
containers.fuesor.com,
containers.piwik.pro,
containers.bluemix.net,
containers.spacespots.com,
containers.4oz.org,
containers.cisco.com,
containers.ltarrant.co.uk,
containers.sfrsys.com,
containers.datogether.io,
containers.artistudio.xyz,
containers.family.blog,
containers.mauch.cloud,
containers.osgiliath.net,
containers.gotbooks.com,
containers.championinternational.co.nz,
containers.axiomcloud.io,
containers.jkowalski.net,
containers.mathbuddyonline.com,
containers.game.blog,
containers.twk95.com,
containers.cloudprovider.net,
containers.weathertab.info,
containers.mynotesapp.info,
containers.wikideals.com,
containers.packagesearch.org,
containers.getfreshytvguide.com,
containers.notesapptab.info,
containers.talentplatforms.org,
containers.empiresmod.com,
containers.satcoopportunities.com,
containers.toltechconsulting.com,
containers.rossware.online,
containers.container-line.com,
containers.sls.com.au,
containers.buyorrentshippingcontainers.com,
containers.clausloan.eu,
containers.ftpserver.biz,
containers.gestionwp.com,
containers.gouveia.info,
containers.mediasniper.ru,
containers.myofficex.org,
containers.opclients.com,
containers.rapidamining.com,
containers.jobsrch.org,
containers.sidetastestar.com,
containers.behmining.com,
containers.bimury.eu,
containers.cemeterytycoon.com,
containers.blockmodule.ru,
containers.sklu3.us,
containers.startpleintje.nl,
containers.ikwilhet.nu,
containers.weeamp.com,
containers.e-rackonline.com,
containers.8-oz.biz,
containers.inside-center.ru,
containers.caed.es,
containers.k3vin.net,
containers.cryptd.co.uk,
containers.gangste.ch,
containers.tesarovi.online,
containers.maynetwork.de,
containers.common-lisp.net,
containers.clearbar.app,
containers.shortcutsbar.com,
containers.gettvsearch.net,
containers.searchbyconvertmyfile.org,
containers.tomhobelman.com,
containers.hardstresser.com,
containers.startsuper.nl,
containers.keepgrow.net,
containers.mymeetingdate.com,
containers.crusar.eu,
containers.striciew.eu,
containers.expertsystems.pe,
containers.jigsy.com,
containers.topdanmarkintranet-test.dk,
containers.wcd.blue,
containers.heopas.com,
containers.joyment.nl,
containers.mymusicapp.net,
containers.newdeaf.club,
containers.nexuseducacional.com.br,
containers.nordicdev.io,
containers.osworkshop.com,
containers.portraising.com,
containers.quedcapa.com,
containers.smartmansion.de,
containers.unrar.org,
containers.zanoza.cc,
containers.baitpieces.com,
containers.confessiontongue.icu,
containers.dingme-buddy.com,
containers.bracketenter.com,
containers.findforms.org,
containers.glupub.com,
containers.m-net.in,
containers.showgamer.com,
containers.habme.net,
containers.aether.earth,
containers.hudsons.house,
containers.pasv.nl,
containers.devide.ch,
containers.preview-mywebsite.com,
containers.toledo.lt,
containers.musicbreakout.cz,
containers.mogsub.website,
containers.rek.app,
containers.the-pew.com,
containers.thekelsicks.com,
containers.iuc.de,
containers.ydevops.fr,
containers.elmware.com,
containers.mobiletinyhouse.ro,
containers.travelaudience.com,
containers.horcrux.dev,
containers.ds.network,
containers.3mdeb.com,
containers.medium.place,
containers.minex360.com,
containers.frontforge.com,
containers.freshytvguide.info,
containers.searchforcoupons.info,
containers.openfile.live,
containers.chapchi.com,
containers.v2pod.com,
containers.fergus.dev,
containers.funkyzone.ro,
containers.leapdigit.al,
containers.babayaga.vg,
containers.partytime.dev,
containers.site-nl.nl,
containers.spenzis.in,
containers.tefl.com,
containers.hetz.biz,
containers.lula.network,
containers.motius.de,
containers.neptunenetworks.org,
containers.pismia.eu,
containers.soon.build,
containers.stabidea.eu,
containers.twomonkeys.co.nz,
containers.ajhs.io,
containers.austingrand.com,
containers.automaniya.top,
containers.bescargo.ru,
containers.cwserve.com,
containers.evercloud.fi,
containers.github.io,
containers.thois.org,
containers.littlethings.com,
containers.thejimnicholson.com,
containers.a--a.ru,
containers.apprepublika.com.br,
containers.spb.ru,
containers.cauufpr.arq.br,
containers.octalorca.me,
containers.magicstack.net,
containers.purrfect.pink,
containers.gitbook.io,
containers.startingblock.net,
containers.alzari.pw,
containers.stura-md.de,
containers.squeat.social,
containers.zhuoyin.info,
containers.bworkservices.com,
containers.entioshome.de,
containers.danobytes.com,
containers.allweathersearch.com,
containers.gettvsearch.info,
containers.freshysearch.com,
containers.splashed.me,
containers.myjobsrch.info,
containers.manualsdirectorytab.org,
containers.freshysearch.net,
containers.lsh.pl,