domainName,
jenkins.webconn.ru,
jenkins.matts.software,
jenkins.rockst.cn,
jenkins.legendarydjs.de,
jenkins.cmcloudlab1719.info,
jenkins.waynerust.com,
jenkins.fxe.systems,
jenkins.herts.ac.uk,
jenkins.difoosion.net,
jenkins.lendpt.app,
jenkins.tebox.eu,
jenkins.kasinox-officialsite.online,
jenkins.conlance.org,
jenkins.gaiarchives.fr,
jenkins.cmcloudlab342.info,
jenkins.procept.com.au,
jenkins.webbrand.de,
jenkins.ifscope.com,
jenkins.dsp-archiweb21-ah-es-ag-hk.fr,
jenkins.atmicheng.com,
jenkins.jiuyu.team,
jenkins.beefinx.com,
jenkins.nvvk.online,
jenkins.truba.news,
jenkins.cmcloudlab841.info,
jenkins.payex.dev,
jenkins.tourz.by,
jenkins.theshiftnetwork.dev,
jenkins.fasup.uk,
jenkins.instytutekonomiczny.pl,
jenkins.ienterprise.org,
jenkins.rubygenix.com,
jenkins.dawima.de,
jenkins.simplifysoft.de,
jenkins.walking-dev.fr,
jenkins.digacon-software.com,
jenkins.aksoro.co.id,
jenkins.bp99.eu,
jenkins.cleancherokee.com,
jenkins.amdg.net.ar,
jenkins.stulzindia.co.in,
jenkins.ui-tech.cn,
jenkins.mesi.ninja,
jenkins.stickserver.nz,
jenkins.flowverse.net,
jenkins.ntge.net,
jenkins.fieldwest-sp.com,
jenkins.gijsentius.com,
jenkins.kenderak.com,
jenkins.fundloop.org,
jenkins.xshopper.com,
jenkins.serverhost.net,
jenkins.hodol.kr,
jenkins.belkaztrans.com,
jenkins.tribbles.cloud,
jenkins.jimbocloud.com,
jenkins.quickiface.com,
jenkins.noobmakers.com,
jenkins.bombbomb.io,
jenkins.lauderworks.ca,
jenkins.craftok.fr,
jenkins.manta.fish,
jenkins.yseut.com,
jenkins.vastolabs.com,
jenkins.t1s.me,
jenkins.bobapps.org,
jenkins.adamassoft.it,
jenkins.georgiayearbooks.site,
jenkins.magiktech.com.my,
jenkins.dsp-archiwebo20-hs-bt-bj-yt.fr,
jenkins.matejbucek.cz,
jenkins.trifectaclinical.com,
jenkins.rsth.plus,
jenkins.tace.dk,
jenkins.cartos.com.br,
jenkins.js.org,
jenkins.fenton.io,
jenkins.root.tips,
jenkins.chrisreinke.com,
jenkins.cnippc.cn,
jenkins.epsoftinc.com,
jenkins.navoco.com,
jenkins.sarvanow.xyz,
jenkins.cmcloudlab780.info,
jenkins.eduplusnow.com,
jenkins.mycdmm.de,
jenkins.divicloud.nl,
jenkins.rlnz.de,
jenkins.yaymetal.com,
jenkins.thecheat.co.kr,
jenkins.asphalt-solution.com,
jenkins.armontsys.com,
jenkins.alsea.cl,
jenkins.cisisu.net,
jenkins.geromme.de,
jenkins.codeal.cz,
jenkins.semiant.com,
jenkins.92ak.co.uk,
jenkins.gladwelln.dev,
jenkins.stratoflow.com,
jenkins.tcoedevicefarm.com,
jenkins.jmj1995.com,
jenkins.clouddeploy.eu,
jenkins.newlinkedlist.com,
jenkins.cmcloudlab859.info,
jenkins.interquizapp.com,
jenkins.tribun.co.id,
jenkins.vladgerald.tech,
jenkins.streamsoardev.com,
jenkins.vizitools.com,
jenkins.j3z.org,
jenkins.gskydev.net,
jenkins.se2.com,
jenkins.reda-alhourani.com,
jenkins.honkki.top,
jenkins.giothcode.com,
jenkins.stischer.org,
jenkins.ispark.io,
jenkins.nixu.fi,
jenkins.senatobia.com,
jenkins.davraops.com,
jenkins.urpi.be,
jenkins.dataspartan.com,
jenkins.veac.cn,
jenkins.chongmengkeji.cn,
jenkins.vincentpham.dev,
jenkins.kuntaifarm.com,
jenkins.freefuse.com,
jenkins.binguoai.com,
jenkins.invenirediem.com,
jenkins.netvlm.org,
jenkins.kyria-cs.org,
jenkins.portzeroventures.com,
jenkins.ilmar.site,
jenkins.speechlanguageacademy.com,
jenkins.v1n2.com,
jenkins.kst22.se,
jenkins.aizhamalt.com,
jenkins.gabriel-fernandes.com,
jenkins.gthd.app,
jenkins.treviet.co,
jenkins.mateoleal.com,
jenkins.dailylime.kr,
jenkins.healthcareinnovationservices.com,
jenkins.naul.io,
jenkins.faraone.ovh,
jenkins.zenvia360.com,
jenkins.calitb.dev,
jenkins.resulcelik.nl,
jenkins.accessitservices.net,
jenkins.dataid.sk,
jenkins.eadskill.com,
jenkins.topuzovic.net,
jenkins.9930i.com,
jenkins.agencyviper.com,
jenkins.oakr.fr,
jenkins.intellitracker.ru,
jenkins.cj-mayer.de,
jenkins.cmcloudlab0951.info,
jenkins.ariannu.com,
jenkins.genzmedia.cn,
jenkins.yubis.net,
jenkins.kreditplus.com,
jenkins.prodet.org,
jenkins.cavissima.com,
jenkins.collateraledge.com,
jenkins.ultimate-live.eu,
jenkins.lyra.bz,
jenkins.okabi-tech.com,
jenkins.doublegis.com,
jenkins.kumy.org,
jenkins.swfa.pw,
jenkins.shaonianzhi100.com,
jenkins.dm3.tech,
jenkins.stoiven.com,
jenkins.awholenewworld.club,
jenkins.cmcloudlab454.info,
jenkins.devima.tech,
jenkins.larrycloud.ca,
jenkins.guardianbychameleon.com,
jenkins.spakky.com,
jenkins.time-chance.com,
jenkins.synthetica.ai,
jenkins.outofthebox-plugins.com,
jenkins.zezman.ua,
jenkins.boytian.com,
jenkins.covisianpay.online,
jenkins.jacobwmeadows.com,
jenkins.desktrack.net,
jenkins.2loud4you.com,
jenkins.waidoushop.cn,
jenkins.teamup.lk,
jenkins.apar.live,
jenkins.thed3chain.com,
jenkins.dchadwick.net,
jenkins.redcross.org.au,
jenkins.bsdio.com,
jenkins.cmcloudlab1699.info,
jenkins.diraymedia.com,
jenkins.mclouds.io,
jenkins.sciencedrivensolution.com,
jenkins.harc-dev.com.au,
jenkins.loisirsencheres.com,
jenkins.ttt-sp.com,
jenkins.canopy.legal,
jenkins.tacllav2.com,
jenkins.neillab.com,
jenkins.carloscastro.io,
jenkins.dsp4-5archio19-ah-je-gh-yb.fr,
jenkins.pablos.website,
jenkins.sitin.io,
jenkins.yexuejc.top,
jenkins.papemarthiam.com,
jenkins.chinasahl.com,
jenkins.kreasialamteknologi.com,
jenkins.vendgaming.com,
jenkins.jcmurga.cl,
jenkins.devops.kiev.ua,
jenkins.tolfx.net,
jenkins.wuliff.com,
jenkins.kdkang.dev,
jenkins.dhoessl.de,
jenkins.fideliscloud.com,
jenkins.magichostcloud.com,
jenkins.italots.dev,
jenkins.cmcloudlab945.info,
jenkins.kibriaghulam.co.uk,
jenkins.canstar.com.au,
jenkins.go-yonder.co.uk,
jenkins.dlenos.com,
jenkins.refinitiv.com,
jenkins.divido.cloud,
jenkins.crance.me,
jenkins.emcsg.com,
jenkins.collegefinance.com,
jenkins.zade.io,
jenkins.doneviz.com,
jenkins.siaquest.com,
jenkins.l1nda.net,
jenkins.hclz.site,
jenkins.herbertzz.me,
jenkins.phxg.cn,
jenkins.boathaulingservices.com,
jenkins.first-leon.ru,
jenkins.spectranetix.com,
jenkins.aws-iclabng.com,
jenkins.chainslab.co.kr,
jenkins.kokiska.cz,
jenkins.photqa.com,
jenkins.annature.io,
jenkins.goodhousecm.com,
jenkins.leknoi.dk,
jenkins.hulkapps.dev,
jenkins.jefferson.edu,
jenkins.calavia.org,
jenkins.jjclouds.net,
jenkins.fortaleceperu.gob.pe,
jenkins.godataservices.io,
jenkins.cmcloudlab313.info,
jenkins.dmillerw.me,
jenkins.metrodev.io,
jenkins.citrusad.com,
jenkins.digicoreltd.com,
jenkins.greens.id,
jenkins.cartos.solutions,
jenkins.oxaka.fr,
jenkins.niofatum.com,
jenkins.home-server.sk,
jenkins.prometeus.dev,
jenkins.veda.com.br,
jenkins.fund.fo,
jenkins.orkansports.de,
jenkins.bandahealth.org,
jenkins.globallaw.com,
jenkins.reprisk.com,
jenkins.facolchoes.com.br,
jenkins.diptendutan.com,
jenkins.vsolution.dev,
jenkins.test-adsafeprotected.com,
jenkins.dvcloudapi.com,
jenkins.giorgio.dev,
jenkins.pondfrogconsulting.com,
jenkins.jsn.world,
jenkins.zsdata.cloud,
jenkins.rbshost.net,
jenkins.opslinesys.net,
jenkins.dnc.group,
jenkins.racetennis.com,
jenkins.statisticssdk.com,
jenkins.stockklauser.eu,
jenkins.reappay.net,
jenkins.fatalhero.com,
jenkins.mandl.io,
jenkins.evidnet.com,
jenkins.techsafari.com,
jenkins.gigo-games.dk,
jenkins.myhorarium.com,
jenkins.codesflyer.com,
jenkins.poscarcloud.com,
jenkins.andrewjlee.io,
jenkins.fengxu.wang,
jenkins.himart.ir,
jenkins.edenproject.com,
jenkins.hfiw.com,
jenkins.authtech.dev,
jenkins.nextmatters.net,
jenkins.earljon.com,
jenkins.boomcarding.com,
jenkins.mettl.xyz,
jenkins.deubert.it,
jenkins.cmcloudlab364.info,
jenkins.matttrim.com,
jenkins.caresherpa.com,
jenkins.easytuop.com,
jenkins.eldermael.io,
jenkins.myallamericancarehr.com,
jenkins.oblepihasticker.ru,
jenkins.iclabng.com,
jenkins.cannawayz.com,
jenkins.singer.wang,
jenkins.filatov.md,
jenkins.ferrobuilding.ru,
jenkins.mindstormstudios.com,
jenkins.pops.one,
jenkins.nexclouddns.com,
jenkins.betaroiup.com,
jenkins.nodes.ooo,
jenkins.theta-tech.fr,
jenkins.thevault.biz,
jenkins.cstar.com,
jenkins.insutok.co.kr,
jenkins.figly.io,
jenkins.tapjoy.net,
jenkins.stream-chart.ru,
jenkins.shadowbutton.com,
jenkins.yujindong.com,
jenkins.cw-app.de,
jenkins.kouba.at,
jenkins.bloxmove.com,
jenkins.cmvteknoloji.com,
jenkins.pragmadesarrollos.com,
jenkins.honeylab.games,
jenkins.eqima.org,
jenkins.techment.com,
jenkins.edgeless.top,
jenkins.iwgang.cn,
jenkins.first11.co.uk,
jenkins.arepasoftware.com,
jenkins.rutfed.xyz,
jenkins.indlu.space,
jenkins.openssl.me,
jenkins.thiccboi.pl,
jenkins.vansistine.net,
jenkins.goopps.com,
jenkins.itoutposts.com,
jenkins.portakaltrading.com,
jenkins.teragam.de,
jenkins.warflix.net,
jenkins.joboptim.com,
jenkins.grooveyy.com,
jenkins.me-client.com,
jenkins.pikudama.lt,
jenkins.softwriters.com,
jenkins.mariusgassen.de,
jenkins.intracidacs.org,
jenkins.cwmflk.com,
jenkins.kb4-qa.com,
jenkins.testdocker.space,
jenkins.tika-work.com,
jenkins.opgyun.com,
jenkins.osapsai.com,
jenkins.homesteaderslife.com,
jenkins.k8sops.cn,
jenkins.uni-plovdiv.net,
jenkins.chalenko.pp.ua,
jenkins.king-blog.com,
jenkins.fowitech.com,
jenkins.lxh360.com,
jenkins.reeftoken.io,
jenkins.polarsec-dev.com,
jenkins.carddeckprogramming.com,
jenkins.zumbawearuk.com,
jenkins.olivetreesolutions.eu,
jenkins.jasperfennet.nl,
jenkins.treedoctor.eu,
jenkins.cmcloudlab0704.info,
jenkins.xiaoersu.com,
jenkins.prographers.com,
jenkins.miyasemh.com,
jenkins.zeussandbox.com,
jenkins.monitoratec.com.br,
jenkins.luby.com.br,
jenkins.multiscan.eu,
jenkins.ttgtpmg.net,
jenkins.practicebetter.dev,
jenkins.mjmonline.org,
jenkins.szep-kartya-elfogadohelyek.net,
jenkins.magmatic.games,
jenkins.dev9w.xyz,
jenkins.mystockalert.in,
jenkins.banksim.co,
jenkins.xcishu.com,
jenkins.sadsadie.com,
jenkins.peerboard.dev,
jenkins.claroconsole.com,
jenkins.hsnk.eu,
jenkins.rlta.dev,
jenkins.advisoryworld.com,
jenkins.freelancedirekt.nl,
jenkins.bdkcompany.com,
jenkins.sonicfisher.com,
jenkins.spaceshare.vn,
jenkins.musthave.monster,
jenkins.letsgetchecked-dev2.com,
jenkins.happyllc.cn,
jenkins.demooke.com,
jenkins.vismisto.com,
jenkins.fjellsport.no,
jenkins.pandotest.com,
jenkins.burtonconstructioninc.net,
jenkins.teamvienna.dev,
jenkins.cruncher.xyz,
jenkins.insio.de,
jenkins.iostreamindustries.com,
jenkins.reface.rocks,
jenkins.digitalizehub.com,
jenkins.frengor.com,
jenkins.vempedir.com,
jenkins.claim-checks.com,
jenkins.otono.me,
jenkins.chiper.co,
jenkins.fae2ly.com,
jenkins.gamehype.gg,
jenkins.oceandrive.studio,
jenkins.genos.es,
jenkins.bluebarricade.com,
jenkins.s13.co.in,
jenkins.homelabserver.nl,
jenkins.lovotech.org,
jenkins.only0129.top,
jenkins.dms-ia-secret.com,
jenkins.quote-bot.com,
jenkins.epices-energie.fr,
jenkins.devlaboratories.com,
jenkins.slomczynski.com,
jenkins.syberity.ru,
jenkins.netflix.net,
jenkins.highlands.ltd,
jenkins.outliers.co.kr,
jenkins.manta.net,
jenkins.hansluber.com,
jenkins.placer.one,
jenkins.chenmx.net,
jenkins.nos.sh,
jenkins.finpay.net,
jenkins.etalia.nl,
jenkins.myhominc.com,
jenkins.nakamahl.me,
jenkins.roosnl.com,
jenkins.rockethub.de,
jenkins.high-data.com,
jenkins.upteam.com,
jenkins.goterra.cloud,
jenkins.vcoding.cf,
jenkins.reggora.com,
jenkins.renderfarmjs.com,
jenkins.cybercorra.org,
jenkins.paswebteam.com,
jenkins.hwservice.ru,
jenkins.edufront.io,
jenkins.baamtu.com,
jenkins.avetter.net,
jenkins.rootisgod.com,
jenkins.appsinti.com,
jenkins.cmcloudlab493.info,
jenkins.tyreyalv.com,
jenkins.mathhelp.com,
jenkins.heanny.cn,
jenkins.oxymel.com,
jenkins.eniacom.com,
jenkins.personalstylist.net,
jenkins.tapir.ws,
jenkins.tcfundportal.co.za,
jenkins.cmcloudlab642.info,
jenkins.nomedev.com,
jenkins.kodpanik.com,
jenkins.cmcloudlab409.info,
jenkins.marksense.in,
jenkins.northwing.games,
jenkins.avidea.tn,
jenkins.heredid.co.uk,
jenkins.tehotenskykalendar.cz,
jenkins.yez.kr,
jenkins.mb-innovationlab.com,
jenkins.risoku.tech,
jenkins.societyprotect.com,
jenkins.naukanet.ru,
jenkins.achelos.net,
jenkins.geppii.de,
jenkins.statenet.com,
jenkins.naim.ai,
jenkins.seclover.com,
jenkins.bossman.pro,
jenkins.hotwire.com,
jenkins.petito.me,
jenkins.iex.ec,
jenkins.irceline.be,
jenkins.angu.tech,
jenkins.ohvost.ru,
jenkins.padana.me,
jenkins.taha.solutions,
jenkins.jens-uwe-loessl.de,
jenkins.bizec.net,
jenkins.cmcloudlab0851.info,
jenkins.russelsavage.com,
jenkins.hivenetwork.online,
jenkins.srnmcollege.ac.in,
jenkins.millenium-m.me,
jenkins.treviet.dev,
jenkins.kikidoudou.ovh,
jenkins.orderbird.dev,
jenkins.rohitkrishnan.com,
jenkins.myschoolsnetwork.com,
jenkins.lidangqi.com,
jenkins.jblobangking.com,
jenkins.nudevops.tk,
jenkins.whypacificahybrid.com,
jenkins.ifdevops.store,
jenkins.deepinos.org.cn,
jenkins.rscube.cn,
jenkins.timeouts.io,
jenkins.shresthaias.in,
jenkins.hasgeek.dev,
jenkins.zonaster.com,
jenkins.tawitter.com,
jenkins.snwebdev.org,
jenkins.apistaging.net,
jenkins.cmcloudlab1735.info,
jenkins.trifalka.com,
jenkins.tdpay.de,
jenkins.beecoded.ro,
jenkins.ellementry.com,
jenkins.rockfish.club,
jenkins.covisianpay.it,
jenkins.wearplace.com.br,
jenkins.eznfoundation.or.kr,
jenkins.neilwan.com,
jenkins.afrocorner.com,
jenkins.trigo.cloud,
jenkins.paymatico.com,
jenkins.paddoswam.nl,
jenkins.whitesugar.cn,
jenkins.tech-expert.ovh,
jenkins.giotino.com,
jenkins.s-versicherungsmanager.de,
jenkins.wearesocial.net,
jenkins.trusty.com.br,
jenkins.eglizaud.fr,
jenkins.isobodown.com,
jenkins.1515.africa,
jenkins.kloudstyle.com,
jenkins.exelander.fr,
jenkins.replio.it,
jenkins.mkacyber.io,
jenkins.ddiwork.com,
jenkins.renmo.app,
jenkins.hokett.com,
jenkins.avenidafashion.com.br,
jenkins.mohemohe.dev,
jenkins.jamesearl.co.uk,
jenkins.vgogoing.xyz,
jenkins.frontiermkts.in,
jenkins.cmcloudlab678.info,
jenkins.viqapps.xyz,
jenkins.weiss-gmbh.de,
jenkins.pickitlabs.ar,
jenkins.forkrails.com,
jenkins.cirma-ct.net,
jenkins.cmcloudlab1626.info,
jenkins.fortanix.net,
jenkins.dolphinchat.ai,
jenkins.andrassandor.net,
jenkins.techsoftware.com,
jenkins.kapendra-demo.tk,
jenkins.trace4point0.fr,
jenkins.intranet-teamwill-consulting.com,
jenkins.emg-digital.com,
jenkins.xiaoan.me,
jenkins.tchapia.com,
jenkins.carrefour.ro,
jenkins.livenationclubsandtheaters.com,
jenkins.kraxel.org,
jenkins.luckie.com,
jenkins.thefornax.fr,
jenkins.7s-apps.com,
jenkins.tadacorp.org,
jenkins.realityblu.com,
jenkins.avidgamers.me,
jenkins.dennismulder.dev,
jenkins.mirekphd.work,
jenkins.kaikkitietokoneista.net,
jenkins.stratinfo.tech,
jenkins.andrasp.com,
jenkins.xucha0.cn,
jenkins.xdev.cloud,
jenkins.caiyaxiaoshe.com,
jenkins.leadinbox.app,
jenkins.uralint.ru,
jenkins.2006scape.org,
jenkins.hwyhaul.com,
jenkins.wesoplay.com,
jenkins.mlgt.com.vn,
jenkins.qed.ai,
jenkins.hangou123.com,
jenkins.hoff.cloud,
jenkins.homeframed.com,
jenkins.bfrcorp.fr,
jenkins.palodichuk.com,
jenkins.wvgrantstest.com,
jenkins.tpigame.com,
jenkins.dgauthier.me,
jenkins.tsul.at,
jenkins.chessfan.live,
jenkins.scholl.tech,
jenkins.saveaplaylist.com,
jenkins.doinki.com,
jenkins.11xdesign.com,
jenkins.devopcorner.com,
jenkins.farerboy.com,
jenkins.yeollege.io,
jenkins.cirrus-ss.dev,
jenkins.femosbrand.com,
jenkins.bi-geek.com,
jenkins.zelnet.de,
jenkins.rykj.xyz,
jenkins.jee.vn,
jenkins.yuanguozheng.com,
jenkins.oxytrondigital.com,
jenkins.johnoshikoya1.com,
jenkins.coinonchain.com,
jenkins.farmeryun.com,
jenkins.abwatertech.com,
jenkins.quantifiedreading.com,
jenkins.voyenbus.com,
jenkins.minecloud.club,
jenkins.pingr.de,
jenkins.sneakyrp.com,
jenkins.davchev.com,
jenkins.barrmechanical.com,
jenkins.mindbowser.com,
jenkins.lueffy.top,
jenkins.mvtransit.com,
jenkins.saarthiapp.com,
jenkins.tea-assets.com,
jenkins.baikelive.com,
jenkins.wadteam.dev,
jenkins.jcnix.com,
jenkins.crexinside.com,
jenkins.concurrent.tech,
jenkins.equitycurve.org,
jenkins.axonopsdev.com,
jenkins.autoparts-poland.com,
jenkins.stockil.co.uk,
jenkins.plan2021.eu,
jenkins.xueanquan.cc,
jenkins.sulentia.com,
jenkins.olimp-shop.net,
jenkins.klots.in.ua,
jenkins.shopvejii.com,
jenkins.onyxiq.com,
jenkins.cenxt.cn,
jenkins.xinnetns.com,
jenkins.mytutor.cloud,
jenkins.dsp-archiwebo20-mt-ma-ca-fd.fr,
jenkins.clidey.com,
jenkins.mobiletract.com,
jenkins.urbanasmart.com,
jenkins.gotrendier.com,
jenkins.tokedelivers.com,
jenkins.eclinica.eu,
jenkins.cmcloudlab556.info,
jenkins.codingofthings.com,
jenkins.luminai.ir,
jenkins.wsb.poznan.pl,
jenkins.brickst.net,
jenkins.remesasbam.com,
jenkins.uniqubic.com,
jenkins.adisolutions.com.co,
jenkins.agharenlab.com,
jenkins.daevonlab.org,
jenkins.rkomarov.me,
jenkins.clicdev-consulting.com,
jenkins.0218.love,
jenkins.projectcom.dev,
jenkins.hrp.com.uy,
jenkins.robrikken.nl,
jenkins.finsurefx.com,
jenkins.uncopied.io,
jenkins.pleinchamp.com,
jenkins.qring.tech,
jenkins.yenekifiya.com,
jenkins.webandcrafts.com,
jenkins.holygaming.tk,
jenkins.azatcloudsolution.net,
jenkins.temadoomsday.com,
jenkins.parksnacker.app,
jenkins.phriendlyphishing.com,
jenkins.slashrtc.in,
jenkins.vad37.com,
jenkins.ciesla.tech,
jenkins.safabayar.com,
jenkins.lsg-software.com,
jenkins.501ug.com,
jenkins.covisianpay.com,
jenkins.camel-soft.tech,
jenkins.wehrmann-it.de,
jenkins.renxl.top,
jenkins.aurorahealth.io,
jenkins.nootica.fr,
jenkins.nicdevblack.net,
jenkins.vdwals.tech,
jenkins.eyedoc.se,
jenkins.nddit.com,
jenkins.cmcloudlab1694.info,
jenkins.prodoscore.com,
jenkins.digisherpa.ai,
jenkins.treering.com,
jenkins.cooponscitech.in,
jenkins.imm-f.com,
jenkins.haletek.cloud,
jenkins.letscloudit-test.se,
jenkins.ngoldack.de,
jenkins.corebuild.eu,
jenkins.pugnacious.site,
jenkins.briz.ua,