domainName,
kube.ninjawombat.space,
kube.planethome.com,
kube.cloudastructure.net,
kube.cobrain.io,
kube.cristianocasella.com,
kube.dfftech.com,
kube.dontevenbl.ink,
kube.ellie.moe,
kube.geens.com,
kube.go-suite.com,
kube.him0.net,
kube.hypermine.com,
kube.hyperpotato.com,
kube.inflect.com,
kube.ividence.org,
kube.jerrynom.tk,
kube.ketelhavenbrouwerij.nl,
kube.kkloud.nl,
kube.lsops.biz,
kube.masonix.com,
kube.mjs.pw,
kube.mountainkj.com,
kube.netalytics-cloud.com,
kube.playsportsnetwork.com,
kube.pureclouds.net,
kube.ronaldmiranda.com.br,
kube.showmeddy.com,
kube.web-refinery.com,
kube.1qay.net,
kube.animus.design,
kube.atene-kom.com,
kube.btito.net,
kube.buri.dev,
kube.chemlink.best,
kube.church611.org,
kube.codeground.xyz,
kube.cacao-co.com,
kube.tooit.com,
kube.acts.kiev.ua,
kube.presidioworkshops.com,
kube.steelchaingaming.com,
kube.skrzypek.us,
kube.pragmitil.com,
kube.rzab.de,
kube.awamo360.com,
kube.kudoplay.com,
kube.clout.tech,
kube.buckeyefitnessdesign.com,
kube.russeblanc.com,
kube.namespaces.cloud,
kube.huitongpos.com,
kube.inetscreen.com,
kube.notwell.ca,
kube.stg-kudo.com,
kube.siliconhills.dev,
kube.globalstargps.kz,
kube.squidreef.fr,
kube.giuranno.com,
kube.bencodesit.com,
kube.bkims.de,
kube.datenschutz-sorglos.de,
kube.dongbui.me,
kube.kss-inc.com,
kube.m6g.club,
kube.numberguru.com,
kube.webologik.dev,
kube.fr-it-z.de,
kube.gwelican.eu,
kube.kreis3.com,
kube.kuhn.host,
kube.lcbonext.ca,
kube.n5o.green,
kube.5jung.com,
kube.bluewhale.kr,
kube.palarity.com,
kube.rmrelectric.com.ph,
kube.sasoldigital.com,
kube.coq.dk,
kube.stocko-infra.net,
kube.dactbc.com,
kube.devtor.tech,
kube.werewolf.city,
kube.yourlabs.org,
kube.itsfred.de,
kube.pracovnidomena.eu,
kube.training-support.net,
kube.goyalmineral.com,
kube.inphiz.com,
kube.imre.fr,
kube.darkfire.ch,
kube.yolotraigo.com,
kube.h8l.io,
kube.micetribe.com,
kube.container.training,
kube.nickz.org,
kube.netbase.no,
kube.readthedocs.io,
kube.brightraven.eu,
kube.jockeyclub.mn,
kube.omnisense.agency,
kube.fayze2.com,
kube.bubliki.net,
kube.zlan.net,
kube.dedsubz.cn,
kube.3cx.co.uk,
kube.mybitti.de,
kube.cstdnn.us,
kube.onstoree.com,
kube.2c.de,
kube.chotiwat.com,
kube.mrroox.com,
kube.ontrayapp.com,
kube.wizzz.net,
kube.kira.com.br,
kube.kenned.dk,
kube.abilium.com,
kube.cwtech.at,
kube.digdev.org,
kube.diyordie.gr,
kube.dt07.net,
kube.edureka.in,
kube.getstrafos.com,
kube.jcorbett.org,
kube.jgkdq.cn,
kube.labri.fr,
kube.meyu.us,
kube.panter.biz,
kube.petzsch.eu,
kube.red0.pro,
kube.sirrapa.com,
kube.appsheet.com,
kube.billcloud.me,
kube.bohnenliebe.de,
kube.citronium.com,
kube.cubos.dev,
kube.dapas.io,
kube.devteck.eu,
kube.drml.xyz,
kube.filerightstaging.com,
kube.github.io,
kube.hexerio.net,
kube.kalvatn.com,
kube.krunching.de,
kube.uark.edu,
kube.nayls.ru,
kube.us-immigrationstaging.com,
kube.wildwingstudios.com,
kube.tvb-ins.fr,
kube.subsidia.ch,
kube.swau.edu,
kube.vpspc.com,
kube.moonen.network,
kube.deveshk0.in,
kube.soderhornan.se,
kube.t-dev.co,
kube.droiddream.com,
kube.eu.org,
kube.stag.one,
kube.gosvr.cn,
kube.qualys.com,
kube.kamova.work,
kube.comyoot.com,
kube.phob.io,
kube.boolshit.net,
kube.fortinetaccelerate20.com,
kube.grounddata.cloud,
kube.regueiro.info,
kube.ds0nt.com,
kube.languagetechnology.org,
kube.solcloud.cz,
kube.knstats.com,
kube.clouddev.me,
kube.soluzionekompo.com,
kube.bd-dev.net,
kube.tribalddb.co.uk,
kube.nias.dev,
kube.oddyseybet.com,
kube.zhiboo.net.cn,
kube.easyke.com,
kube.cafebazaar.org,
kube.simpleview.io,
kube.lex.io,
kube.samclark.me,
kube.betermieux.de,
kube.binary.bg,
kube.cancercollaboratory.org,
kube.careteam.me,
kube.cleverpush.com,
kube.collabora.com,
kube.contextkit.com,
kube.declan.sh,
kube.deemx.net,
kube.eisenwagen.at,
kube.goaxi.al,
kube.hemantmeena.net,
kube.hippydev.com,
kube.infinitumb.net,
kube.lightstreams.io,
kube.liquidfish.xyz,
kube.lsd.sk,
kube.mensing.it,
kube.momguideapi.xyz,
kube.newtelco.dev,
kube.picsapi.io,
kube.qsihpo.cn,
kube.raqqun0101.net,
kube.royalsw.me,
kube.schaenzer.com,
kube.smartive.ch,
kube.sport1.it,
kube.srg-test.ru,
kube.stg-kudo.net,
kube.swtorop.net,
kube.telavita.co,
kube.tianshengli.me,
kube.vcatechnology.com,
kube.venom360.com,
kube.witmix.com,
kube.stones-trade.com,
kube.icd-vietnam.com,
kube.eulerlab.ml,
kube.vaslapp.com,
kube.conkreteconcepts.com,
kube.lab4oinacs.tech,
kube.prsl.de,
kube.senselabs.it,
kube.bumerang.tech,
kube.ideascale.ninja,
kube.mijnstaging.nl,
kube.florentdelannoy.com,
kube.jacobkoza.com,
kube.aerogrow.org,
kube.desynova.com,
kube.neofield.com.br,
kube.buergerhome.de,
kube.stuartmcgillivray.com,
kube.tricknowtech.com,
kube.infigosoftware.com,
kube.operatorflow.io,
kube.koisolution.com,
kube.jeske.tech,
kube.lecpac-consulting.com,
kube.techland.info,
kube.mispace.app,
kube.rockmag.cz,
kube.fz-juelich.de,
kube.gothamworkshop.com,
kube.tribou.io,
kube.backgadino.com,
kube.ianchenhq.com,
kube.idruide.io,
kube.cymllc.com,
kube.dialog-integrations.host,
kube.dyndns.org,
kube.getbayo.com,
kube.ipsensus.com,
kube.itenos.de,
kube.kampung.xyz,
kube.movap.de,
kube.mvazquez.net,
kube.nrdapp.pw,
kube.oraclevps.cf,
kube.orb0.com,
kube.patchus.in,
kube.ppmio.com,
kube.smartive.cloud,
kube.voxcloud.ovh,
kube.welle.xyz,
kube.johnnycrazydev.de,
kube.keysearch-extension.com,
kube.kweb.me,
kube.tacid.kiev.ua,
kube.timetraker.com.br,
kube.vaspian.io,
kube.alltrentinohotels.com,
kube.antoinethys.com,
kube.asd.fi,
kube.ballchasing.com,
kube.barentine.com,
kube.bbis.us,
kube.bitrobo.trade,
kube.blesmrt.eu,
kube.chulakov.org,
kube.cold-tracer.eu,
kube.cooby.online,
kube.edwiser.org,
kube.frydrych.org,
kube.pandasrv.de,
kube.plinx.eu,
kube.railtv.fr,
kube.santech.fr,
kube.techbuddy.cloud,
kube.tesodev.xyz,
kube.tessellate.ai,
kube.tikihub.com,
kube.vaibhavkaushal.com,
kube.vemaybay.io,
kube.aikakitsune.pl,
kube.turinglab.ml,
kube.conradludgate.com,
kube.rangersintegration.app,
kube.glami.fr,
kube.devnet.page,
kube.freeed.com,
kube.123dev.nl,
kube.vvpk.ch,
kube.learn-it.xyz,
kube.gremorycorp.com,
kube.bigdev2.com,
kube.float64.de,
kube.tjakrabirawa.id,
kube.wojoinc.xyz,
kube.force.sa,
kube.robin-lenz.de,
kube.dragns.net,
kube.htoepfer.de,
kube.clgt.io,
kube.developernexus.app,
kube.bifrost.pe,
kube.adders.net,
kube.al1k.com,
kube.dynamo-media.com,
kube.change2linux.com,
kube.fareonline.net,
kube.conigitalcloud.com,
kube.cppse.nl,
kube.dadolabz.com,
kube.gionee.com,
kube.ttry.info,
kube.verticalmedia.com,
kube.vitaly.me,
kube.wymmek.de,
kube.y4kstudios.com,
kube.younility.io,
kube.zorgdoc-nederland.nl,
kube.aserve.nl,
kube.bbirk.no,
kube.chino.io,
kube.justbit.it,
kube.limetray.in,
kube.lnx.wtf,
kube.netlify.com,
kube.neverconnect.de,
kube.parity.com,
kube.motionaction.net,
kube.dcas.dev,
kube.pitw.co,
kube.f7it.net,
kube.fodmaps.nu,
kube.reactions.dev,
kube.rorarii.space,
kube.s3b.nl,
kube.sauledev.com,
kube.sghaier.com,
kube.synergy.ru,
kube.thinkingthing.com,
kube.trt3.jus.br,
kube.mycludo.com,
kube.marekszymanski.com,
kube.axislinx.com,
kube.ysh360.top,
kube.pixlee.io,
kube.it1.ge,
kube.irhercules.com,
kube.whil.io,
kube.e5labs.com,
kube.memoria-inc.com,
kube.efuse.gg,
kube.sehashop.com,
kube.pws.best,
kube.nathaniallubitz.com,
kube.lima-city.de,
kube.frederiksberg.dk,
kube.c3pb.de,
kube.sagle.ca,
kube.tekye.net,
kube.julianfamily.org,
kube.fulcrumone.net,
kube.stkn.org,
kube.jlrosende.com,
kube.nyaan.ga,
kube.pettenvolk.com,
kube.firmglobal.com,
kube.desk-net.com,
kube.5thcorner.nl,
kube.lovevery-stage.com,
kube.aun.web.id,
kube.wbtlab.io,
kube.19hz.io,
kube.anymarket.com.br,
kube.assinenet.com.br,
kube.asucd.dev,
kube.bergiu.tk,
kube.bitcore.xyz,
kube.bll-i.co.uk,
kube.boompyz.tk,
kube.bugherd-staging.com,
kube.citizenscience.ch,
kube.cmsonaws.com,
kube.dev2g.com,
kube.divera247.com,
kube.dmv.fr,
kube.efectotequila.com,
kube.fairbank.io,
kube.goruncode.com,
kube.huoshicloud.com,
kube.iop.icu,
kube.iyadbitar.com,
kube.mcswain.dev,
kube.michielhemme.nl,
kube.mybooket.ir,
kube.mysmartoffice.pro,
kube.noverit.com,
kube.paperstack.org,
kube.pixelprog.com,
kube.raddcreative.io,
kube.samid.me,
kube.shidoh.net,
kube.smartfire.pro,
kube.smr.tv,
kube.tacid.ml,
kube.telemed.chat,
kube.tradesontheblock.com,
kube.trustyourinbox.com,
kube.tsrpay.io,
kube.tuanvuvo.app,
kube.uni-corn.me,
kube.vged.es,
kube.wheel.sh,
kube.xenn.io,
kube.kcspl.in,
kube.rivaldiweb.xyz,
kube.jining.ca,
kube.collate.co.za,
kube.bernard-stevens.net,
kube.jocdn.net,
kube.sds-act.com,
kube.getraind.com,
kube.intergalacticportal.com,
kube.torop.net,
kube.mx2.eu,
kube.kompyte.pro,
kube.dev001.ru,
kube.ae.lu,
kube.eureqatest.net,
kube.tawileh.com,
kube.yegor.me,
kube.tiketguard.rocks,
kube.vstecs.com.my,
kube.emundo.eu,
kube.a1m.tech,
kube.arvan.me,
kube.asterkeks.de,
kube.benfu.me,
kube.clipwise.com,
kube.cronycle.com,
kube.custlabs.io,
kube.cyphercrypttech.com,
kube.dellear.tk,
kube.dental-chart.com,
kube.diarpi.com,
kube.dt00.net,
kube.evillair.io,
kube.fairbanks.dev,
kube.fieldmuseum.org,
kube.find-help.org,
kube.fireto.no,
kube.fundar.pt,
kube.getex.com,
kube.gospers.de,
kube.hilltop.works,
kube.inspirum.cz,
kube.kootstra.frl,
kube.leapsight.io,
kube.mediaserver.pro,
kube.nerdly.org,
kube.nontondunia.net,
kube.qualityminds.de,
kube.quikyc.com,
kube.relva.co.uk,
kube.solarpark-online.com,
kube.xor.ma,
kube.storozhev.net,
kube.tensorplay.com,
kube.travisshears.xyz,
kube.linalgo.com,
kube.ulbricht.codes,
kube.morolrefinery.com,
kube.scopear.com,
kube.saturnd.xyz,
kube.iledefrance-hotel.com,
kube.ephemer.al,
kube.ekratos.cat,
kube.account24x7.com,
kube.bumdesgajahmada.com,
kube.tif.cat,
kube.kde.org,
kube.brocitas.com,
kube.sector.kz,
kube.kegnet.dev,
kube.vitalpointz.com,
kube.biensite.com,
kube.alfafi.se,
kube.now.sh,
kube.ramble.moe,
kube.xtalsi.fr,
kube.jlukins.com,
kube.zoomer.zone,
kube.matrosov.net,
kube.datatracker.ru,
kube.navispeed.eu,
kube.dsb3.com,
kube.orangecrt.com,
kube.e-tunity.nl,
kube.ltalk.ru,
kube.steven-jack.co.uk,
kube.stormscope.io,
kube.sxwqgy.com,
kube.totalkiss.com,
kube.wm1.no,
kube.allsafe.group,
kube.andyleap.net,
kube.bartlecki.com,
kube.bertha.cloud,
kube.boobox.xyz,
kube.cambooster.com,
kube.campusjaeger.de,
kube.cloudsecurity.rocks,
kube.coinkid.ru,
kube.dac.si,
kube.dclan.org,
kube.debugaeros.xyz,
kube.fleetmon.com,
kube.freemine.de,
kube.goto5x.com,
kube.gwunion.cn,
kube.inte.ly,
kube.joefriedl.net,
kube.kad-it.ch,
kube.kamabis.online,
kube.knowledgekube.co.uk,
kube.luisdeharo.com,
kube.molotovmocktail.de,
kube.potatosoft.org,
kube.saaranen.net,
kube.tindaval.app,
kube.wogri.com,
kube.radicalhash.com,
kube.radioking.io,
kube.randall.codes,
kube.rashasoft.ir,
kube.solarfi.net,
kube.staytune.co,
kube.tracktl.review,
kube.tril.pl,
kube.troii.net,
kube.verisoftware.com,
kube.xenon.work,
kube.z8shome.com,
kube.airportlabs.com,
kube.de502-polyu.site,
kube.krockle.com,
kube.foundation01.com,
kube.dooms.tech,
kube.valkor.com,
kube.cpchain.io,
kube.fstelmach.nl,
kube.zhengyf.com,
kube.exteen.com,
kube.quickalgorithm.com,
kube.manuia.pro,
kube.telescopelms.com,
kube.monkevicius.xyz,
kube.enence.fr,
kube.spletnet.com,
kube.kasrv.ru,
kube.navistone.net,
kube.sparkuniverse.co.uk,
kube.brimmatech.com,
kube.familyhartley.com,
kube.chillgaming.org,
kube.mfec.dev,
kube.0bit.link,
kube.whitefamilyserver.com,
kube.tangredon.com,
kube.fullaw.in,
kube.dugi.moe,
kube.dyntns.de,
kube.heka.no,
kube.heliosconnect.fr,
kube.hg66444.com,
kube.incod.cn,
kube.kant.tech,
kube.oll.tv,
kube.puczat.pl,
kube.ris-technical.net,
kube.agyo.io,
kube.appjumpstart.com,
kube.bomcheck.net,
kube.buffalodevelopit.com,
kube.whitwell.xyz,
kube.cuandoesquincena.com,
kube.designvox.io,
kube.liha-dev.com,
kube.metager.org,
kube.mx24.org,
kube.nilcons.com,
kube.appcomplete.at,
kube.develish.org,
kube.dreamholidaysonline.com,
kube.srv.icu,
kube.swaninfo.in,
kube.teale.cloud,
kube.c2bsoftware.com.br,
kube.ufpr.br,
kube.pixelite.nl,
kube.gonnabegood.xyz,
kube.stelma.ch,
kube.copopt.com,
kube.teonite.net,
kube.gargantua.xyz,
kube.aperogeek.fr,
kube.sakul6499.de,
kube.kfj.io,
kube.thejimnicholson.com,
kube.hoozemans.nl,
kube.rdzbvfjd.cn,
kube.tecobrary.com,
kube.sicadi.com.br,
kube.fabioluciano.dev,
kube.hellbit.de,
kube.azega.com,
kube.toyapp.in,
kube.pilki.tech,
kube.tdoakd.com.cn,
kube.devmaster.ch,
kube.game-me.ga,
kube.lupate.men,
kube.tmcdx.com,
kube.skab.biz,
kube.memoriadev.com,
kube.i-npz.ru,
kube.kbrand.it,
kube.lambdaclass.com,
kube.tsnet.io,
kube.tmcsx.com,
kube.access24x7.com,
kube.insutok.co.kr,
kube.darr.cloud,
kube.t3.com.pl,
kube.gastrodon.io,
kube.doender.de,
kube.tactful.ai,
kube.microblink.com,
kube.dns8.online,
kube.guemues.me,
kube.bubbles-app.io,
kube.mooc.guru,
kube.minion.tech,
kube.everythink.dev,
kube.byzaneo.io,
kube.appropal.fi,
kube.arakne.it,
kube.biggo.pro,
kube.blakethepatton.com,
kube.bluedrop360.com,
kube.boemlauw.org,
kube.booket.ir,
kube.chonoor.com,
kube.combomultinet.com,
kube.cometrica.ru,
kube.cpmsys.dev,
kube.datalyze-solutions.com,
kube.dignan.net,
kube.flowzcluster.tk,
kube.flqa.net,
kube.freeddns.org,
kube.fuyibaba.com,
kube.gov.md,
kube.jameswgillespie.com,
kube.landinglion.com,
kube.lazy.sh,
kube.maxim.top,
kube.meshify-testing.com,
kube.mns.pl,
kube.mpetason.com,
kube.mvstg.com,
kube.netabuse.net,
kube.oiarea.ru,
kube.onerent.co,
kube.raouf.fr,
kube.roigcp.com,
kube.rostila.fi,
kube.runa.dev,
kube.satgate.net,
kube.selfhost.bz,
kube.sistason.de,
kube.smallstack.cloud,
kube.sparks.li,
kube.startapp.one,
kube.syspartner.se,
kube.taxfyle.com,
kube.telemedcar.site,
kube.teuto.net,
kube.thebestagent.pro,
kube.timotto.io,
kube.universe.cc,
kube.volopa.com,
kube.xaddr.ru,
kube.xelin.org,
kube.yud.io,
kube.zollneritsch.com,
kube.terrcin.com,
kube.rob.ag,
kube.marcosarturjr.com.br,
kube.sumaev.de,
kube.kevinplatel.io,
kube.aiqs.de,
kube.getacafe.com,
kube.erdfisch.io,
kube.suro.club,
kube.codesink.io,
kube.staffs.ac.uk,
kube.vonmaehlen.cloud,
kube.hilineeng.com,
kube.aanplatform.com,
kube.surkum.app,
kube.ngenic.net,
kube.ampersize.de,
kube.jagajam.com,
kube.bluesight.io,
kube.allopizza.app,
kube.angage.events,
kube.aobasher.com,
kube.baka-kawaii.de,
kube.bitwolff.com,
kube.bluehorizons.travel,
kube.clientico.com,
kube.crealogix-online.com,
kube.creare-net.io,
kube.dca-ops.tech,
kube.devpayever.com,
kube.dotscience.net,
kube.dvle.net,
kube.ezer.ca,
kube.fallenritemonk.com,
kube.fgi.cloud,
kube.hatenadiary.com,
kube.infraconnect.de,
kube.innomatrix.pl,
kube.jetru.by,
kube.klema.io,
kube.lacit.net,
kube.marette.be,
kube.mgid.com,
kube.myqnapcloud.com,
kube.nal.do,
kube.netwk.ga,
kube.nothan.vn,
kube.pawsey.org.au,
kube.perlito.online,
kube.peterlee0127.com,
kube.roxet.net,
kube.sillaps.com,
kube.swt-dbs.de,
kube.tux.im,
kube.villeroy.info,
kube.xobed.cz,
kube.zenithmedia.io,
kube.zib.de,
kube.punchyourownface.com,
kube.sponsoo.de,
kube.suidoc.net,
kube.ishas.ru,
kube.iceychris.dev,
kube.generix.org,
kube.terabits.io,
kube.phillips-net.net,
kube.shai.cloud,
kube.jnkyrd.dog,
kube.flnf.hu,
kube.blacklan.nl,
kube.beregov.net,
kube.elemnts.org,
kube.tdhqp8.com,
kube.raphert.com,
kube.freeboxos.fr,
kube.saady.page,
kube.rutgervanhaaren.nl,
kube.berlehof.nl,
kube.cardboardbox.be,
kube.pl-labs.com,
kube.lemonhost.dev,
kube.bytecommander.de,
kube.pharao24.de,
kube.myonlinestore.dev,
kube.airgateway.net,
kube.beeqb.com,
kube.infrateka.com,
kube.trail.fi,
kube.rajman.org,
kube.redoran.net,
kube.skiracingdata.com,
kube.weffect.app,
kube.8hero.com,
kube.berlin-creative.de,
kube.chumahtung.com,
kube.codeable.co,
kube.creativemodules.com,
kube.daniellacos.se,
kube.dhryn.com,
kube.encoo.com.au,
kube.eot-ukraine.su,
kube.fenollar.fr,
kube.flooringstores.co,
kube.flowster.app,
kube.ggbook.co,
kube.jetstack.net,
kube.leshabitues.fr,
kube.marcelhofmann.com,
kube.maternity.io,
kube.meganexus.com,
kube.meitham.com,
kube.momoyoga.com,
kube.nativerent.ru,
kube.o-lab.se,
kube.p313.pro,
kube.planturtle.com,
kube.rbhz.pw,
kube.remotecto.tech,
kube.shiftstaging.com,
kube.tiejun.xyz,
kube.toaninfo.com,
kube.undpro.com,
kube.eme-devops.com,
kube.ssl1984.cf,
kube.qraftemp.com,
kube.shopizle.com,
kube.nandex.net,
kube.byttegarasjen.no,
kube.kylesferrazza.com,
kube.mannasoftco.com,
kube.qb.mk,
kube.familiensommer.dk,
kube.nodee.io,
kube.paulcosma.com,
kube.pydemia.dev,
kube.adphi.net,
kube.ykmconsultoria.com.br,
kube.crmcoffemania.ru,
kube.dhi.id.au,
kube.mgamer.io,
kube.scm.io,
kube.oscarsantiagoviana.com,
kube.pipes-3.pw,
kube.puzl.ee,
kube.sansara.pp.ua,
kube.sansir.fo,
kube.gregy.cz,
kube.cloudcall.fr,
kube.khodzha.sh,
kube.asdagstage.com,
kube.commojun.com,
kube.dirips.com,
kube.dablabs.com,
kube.lain.dev,
kube.attilabikes.com,
kube.nippyit.nl,
kube.rtclever.com.ua,
kube.renkeju.com,
kube.promanager.online,
kube.my3cx.fr,
kube.ao5.in,
kube.golive.school,
kube.ort-dev.de,
kube.vioa.de,
kube.acm.chat,
kube.akopyan.me,
kube.f2o.io,
kube.foxhound.services,
kube.frs.cloud,
kube.fsgapi.net,
kube.gabibotos.net,
kube.gmp.io,
kube.grev-tech.com,
kube.instantor.com,
kube.iwokeupcoveredinblood.com,
kube.jarmov2ray.tk,
kube.jiomeet.com,
kube.jk.gl,
kube.kube-ssd.com,
kube.lcmdb.net,
kube.link2c.cn,
kube.maybe.events,
kube.momoyoga.nl,
kube.munisanath.com,
kube.nanoblock.io,
kube.passdev.ru,
kube.ratuc.org,
kube.rockme.co.jp,
kube.smartive.dev,
kube.wwsean08.com,
kube.xelasys.ro,
kube.zaltekltd.co.uk,
kube.zapa.cloud,
kube.zazaz.de,
kube.zxbike.top,
kube.boompyz.com,
kube.centiloc.com,
kube.cloudns.pro,
kube.collabora.co.uk,
kube.compil.in,
kube.devblack.org,
kube.dl-host.info,
kube.dy.fi,
kube.fanfico.com,
kube.fixed.ninja,
kube.lauschreich.com,
kube.smartclick.ai,
kube.soleilra.net,
kube.twistednetworks.com,
kube.thern.wtf,
kube.todo.de,
kube.stiftungsfamilie.de,
kube.fasthoster.info,
kube.dnsdrift.net,
kube.laatoo.io,
kube.reddoor.dev,
kube.teleport.media,
kube.mojerro.wang,
kube.s-dry.ru,
kube.sharsys.co.id,
kube.wit.life,
kube.ashjonm.dev,
kube.kudoserver.com,
kube.oldsen.xyz,
kube.bigln.ru,
kube.vmunier.com,
kube.kangu.com.br,
kube.pcsbyw.cn,
kube.neodigital.de,
kube.adnm.de,
kube.infr.co,
kube.7lieues.io,
kube.tobler.codes,
kube.burakguzel.com,
kube.tributaliza.com.br,
kube.mcdream.ru,
kube.blacktango.fr,
kube.kramer.science,
kube.muxxu.com,
kube.tellmestore.ru,
kube.officemate.cn,
kube.coolelvis.ru,
kube.crabdance.ca,
kube.eberrysolutions.com,
kube.entelo.com,
kube.filltr.org,
kube.gerasolo.com,
kube.hoppl.in,
kube.ifsedo.com,
kube.inf.re,
kube.inits.io,
kube.insolar.io,
kube.maydream.com,
kube.mindvalley.com,
kube.nanotech42.com,
kube.netmdm.com,
kube.nrksuper.no,
kube.o-c.space,
kube.adpt.ca,
kube.bufom.com,
kube.cubos.io,
kube.denktmit.tech,
kube.omniscient.ca,
kube.openflex.net,
kube.oqelu.men,
kube.orangetweed.com,
kube.pointslab.org,
kube.realks.cn,
kube.rentasoft.com.ar,
kube.rueg.eu,
kube.sebbler.de,
kube.tapyness.net,
kube.tracktl.com,
kube.turbomg.ru,
kube.ucdavis.edu,
kube.udienz.xyz,
kube.vxintel.io,
kube.wexohosting.com,
kube.yantrainteractive.com,
kube.yuhaogao.com,
kube.arna.ir,
kube.asosgaming.dev,
kube.beekast.net,
kube.beijingyourway.com,
kube.bullhorn.com,
kube.souscription-endesa.fr,
kube.sciencedata.dk,
kube.myonlinestore.eu,
kube.direction-north.com,
kube.shit.team,
kube.nightmared.fr,
kube.cookielab.dev,
kube.fex.cc,
kube.clutch.co,
kube.pete.ch,
kube.flirtas.lt,
kube.momslab.com,
kube.smthn.sh,
kube.qmjywkh.cn,
kube.moot.dev,
kube.splashdevelop.com,
kube.elemnts.net,
kube.iqube.io,
kube.guide.paris,
kube.3cx.fr,
kube.willing.systems,
kube.carlomeier.net,
kube.cloudcrane.io,
kube.bitelchus.org,
kube.atoem.be,
kube.greenchaos.ru,
kube.pgsus.gq,
kube.jamf.build,
kube.playbackgames.co.uk,
kube.garygary.uk,
kube.pdekruijf.nl,
kube.achappaz.org,
kube.alytics.org,
kube.archlet.io,
kube.aucobo-global.de,
kube.blossom-tech.com,
kube.cenacle.tk,
kube.cobaltica.net,
kube.danielcannon.co.uk,
kube.dbp.is,
kube.devplaza.net,
kube.dniel.se,
kube.ematome.com,
kube.ericyoung.dev,
kube.erpgo.az,
kube.etraffic.ro,
kube.evillairstudios.com,
kube.find-help.ch,
kube.greenorangestudios.com,
kube.griffinph.com,
kube.icybyte.com,
kube.intercity.co.nz,
kube.iptransit.com.au,
kube.isokube.net,
kube.jagoanhosting.com,
kube.jpnit.co.uk,
kube.kube.solutions,
kube.lfx.org,
kube.lightstreams.xyz,
kube.liwo.org,
kube.lsys.ac,
kube.m6g.xyz,
kube.masterinter.net,
kube.meu.training,
kube.microsynetics.de,
kube.mineaurion.com,
kube.nazwa.pl,
kube.odis.io,
kube.oorth.me,
kube.patmclaughl.in,
kube.podcastkeeper.com,
kube.prfsrv.net,
kube.proinlab.com,
kube.ropal.it,
kube.ryderdamen.com,
kube.scottbamforth.uk,
kube.shitware.xyz,
kube.sins.work,
kube.smt.run,
kube.tacid.cf,
kube.tatic.net,
kube.teamsecops.com,
kube.tftpd.net,
kube.tjololo.net,
kube.tomas.lol,
kube.tosend.ch,
kube.wise-paas.com,
kube.wkprojects.org,
kube.yatung.cn,
kube.yoappa.com,
kube.zsparacelsus.sk,
kube.kot154.ru,
kube.patronsites.com,
kube.acqua.ro,
kube.relaxsejenak.com,
kube.dx-srv.co.za,
kube.dittmer.fi,
kube.bergiu.ml,
kube.bcsdevops.net,
kube.digiproduct.co.il,
kube.ektisha.ru,
kube.gerardesteve.com,
kube.redeinovadrogarias.com.br,
kube.pranay.app,
kube.sctshz.com,
kube.sdaoudi.com,
kube.rawbit.ninja,
kube.e-mathieu.ovh,
kube.alibaba.ir,
kube.omnilytics.co,
kube.barbu.family,
kube.zisoft.org,
kube.ypliao.com,
kube.mvideo.ru,
kube.thecreativewebminds.com,
kube.theminecoder.me,
kube.badilag.net,
kube.webx.one,
kube.kidslox.com,
kube.mitrotek.com,
kube.codetantra.com,
kube.this-is-fine.io,
kube.t-dev.dev,
kube.lei.sh,
kube.jaykannaiyan.com,
kube.ciphertx.net,
kube.refsheet.net,
kube.magic-gold.ml,
kube.archethought.com,
kube.bcetha.de,
kube.chakela.top,
kube.fead.app,
kube.feuli.dev,
kube.firefly.services,
kube.adservio.net,
kube.ambulare.net,
kube.antoinebillig.com,
kube.appcenter.ro,
kube.sysart.online,
kube.getm2010.com,
kube.infox.com.br,
kube.mosxt.com,
kube.netvacinas.com.br,
kube.skybound.link,
kube.btbbackend.tech,
kube.cpmsys.io,
kube.gpglabs.gov.za,
kube.invisiblepattern.com,
kube.itest.run,
kube.kudotech.net,
kube.mobility.digital,
kube.pages24.net,
kube.peekops.com,
kube.radiomacarena.com,
kube.tatointeractive.com,
kube.thetablestop.com,
kube.uremont.dev,
kube.urlaubsgimpel.de,
kube.xnativa.com,
kube.zaro.io,
kube.zeitschel.net,
kube.derenne.org,
kube.undertheprinter.com,
kube.estpos.net,
kube.camply.pl,
kube.radore.com,
kube.flypay.io,
kube.1l14d.fr,
kube.hatshi.de,
kube.trellisconnect.com,
kube.gola.xyz,
kube.dashlane.com,
kube.davigge.com,
kube.ctrox.dev,
kube.sqrtpi.com,
kube.devmug.net,
kube.open-sourceid.org,
kube.romain-america.fr,
kube.okta-solutions.com,
kube.flaringhost.com,
kube.serbaseleb.com,
kube.proptimise.de,
kube.zress.io,
kube.formhero.dev,
kube.plawnx.org,
kube.echocache.com,
kube.sipaku.id,
kube.saksmt.dev,
kube.qnetworks.ml,
kube.penghao.dev,
kube.hopefully.works,
kube.atory.de,
kube.aliariff.io,
kube.hazbot.net,
kube.activision.com,
kube.docker.buzz,
kube.kislat.de,
kube.siliconhills.co,
kube.dkx.cloud,
kube.canadiancellparts.com,
kube.alathar.tv,
kube.autonomia.digital,
kube.avalanchestudios.se,
kube.c-and-c.ca,
kube.dennis-kislat.de,
kube.jakubpistek.cz,
kube.cloudhost.asia,
kube.derzer.at,
kube.dmka.cn,
kube.dobosolution.de,
kube.falk-online.eu,
kube.getacrugged.us,
kube.guthy.at,
kube.harknet.ml,
kube.hostorbits.com,
kube.incluscloud.com,
kube.it4biz.si,
kube.itforge.io,
kube.kungsledenrannet.se,
kube.letsdoshit.life,
kube.matrigo.online,
kube.mrcow.net,
kube.myorigin.net,
kube.noponies4u.com,
kube.offensity.com,
kube.quancy.com.sg,
kube.recotap.com,
kube.samgalson.com,
kube.spicydog.org,
kube.storj.io,
kube.testissimo.io,
kube.thisisnotouter.space,
kube.unilim.fr,
kube.usualhotels.com,
kube.vbusiness.ph,
kube.vehar.eu,
kube.waypointco.com,
kube.zv-poc.com,
kube.uern.br,
kube.flexaz.cz,
kube.mch.cx,
kube.touchdowners2.com,
kube.azeesoft.com,
kube.ncai.cl,
kube.heimaoseoxuexi.com,
kube.kissfmuk.com,
kube.solutionstudios.org,
kube.getrestack.com,
kube.n0de.biz,
kube.basmaas.nl,
kube.myds.me,
kube.jrc.no,
kube.desklessworkers.com,
kube.sohelz.fr,
kube.core.id,
kube.videovisit.mobi,
kube.splashthat.com,
kube.eco2.cloud,
kube.vavere.dev,
kube.verax.net,
kube.instapainting.com,
kube.nodc.id,
kube.assistiftung.ch,
kube.mochi.ml,
kube.critenterprise.com,
kube.mad-dollar.ru,
kube.hellopdf.co,
kube.mobilelab.vn,
kube.kiboo-online.de,
kube.samiamoura.com,
kube.yorbit.co.nz,
kube.molland.sh,
kube.freeway.space,
kube.nextgreatbook.com,
kube.resyncdev.com,
kube.gsiceramica.it,
kube.t-dev.app,
kube.quentin.paris,
kube.fischbacher.rocks,
kube.klik-adzkia.com,
kube.devesoft.dev,
kube.modelyst.com,
kube.mxp-intra.net,
kube.entec.ninja,
kube.ovaledge.net,
kube.mequ.ir,
kube.m090.vn,
kube.transfed.pro,
kube.longle255.com,
kube.1app.com.br,
kube.4suites.app,
kube.adroady.ai,
kube.airdbapi.com,
kube.baeke.info,
kube.brandonkorous.com,
kube.cbox.dk,
kube.crazyrussian.pro,
kube.dakisultan.club,
kube.dasert.com,
kube.dock.pw,
kube.dualbit.io,
kube.ecommcube.com,
kube.escapp.net,
kube.gisle.me,
kube.govault.net,
kube.gyselroth.net,
kube.hancy.kr,
kube.heliostream.eu,
kube.henkel.wtf,
kube.imfn.host,
kube.isan.engineer,
kube.jtcodes.com,
kube.kevincox.ca,
kube.kohea.tel,
kube.lms.works,
kube.mattjeanes.com,
kube.mifomm.eu,
kube.mti.capital,
kube.occloxium.com,
kube.penjualantiketbus.site,
kube.proservers.ws,
kube.radityaputra.com,
kube.rgpdmanager.io,
kube.sds.world,
kube.skill123.com,
kube.skip.travel,
kube.slcyber.io,
kube.tappflow.io,
kube.tcupiot.com,
kube.testkontur.ru,
kube.thetotem.co,
kube.tksknanggulan.org,
kube.torbenhinge.dk,
kube.vaayadi.in,
kube.vitapm.tech,
kube.wfolio.ru,
kube.wiggi.fr,
kube.xtarget.ru,
kube.nathanrahm.com,
kube.logistimo.com,
kube.hotelsparis24.com,
kube.ecvery.com,
kube.chickenwings.pizza,
kube.simplycooking.dk,
kube.eurekly.com,
kube.vidina.net,
kube.aliandmarco.com,
kube.360nrs.com,
kube.wolf-tierra.net,
kube.zamd.net,
kube.astary.one,
kube.flamingo.dev,
kube.ocf.io,
kube.talantiuspeh.ru,
kube.mcofficer.me,
kube.laserromae.it,
kube.makeweb.dev,
kube.pinolino.de,
kube.cms-demo.com,
kube.aidatabases.in,
kube.kinora.io,
kube.3cx.ie,
kube.aajand.ir,
kube.actjdev.com,
kube.algorath.com,
kube.analyticsbuddy.com,
kube.barakmich.com,
kube.bunana.eu,
kube.chancefocus.com,
kube.devopy.io,
kube.digits.holdings,
kube.duckdns.org,
kube.e-cbncloud.co.id,
kube.farpotshket.es,
kube.fiora.li,
kube.html5page.com,
kube.ividence.net,
kube.jbuk.eu,
kube.jtcressy.net,
kube.katakwe.co.za,
kube.kitsoft.kiev.ua,
kube.kudoplay.net,
kube.litarg.ru,
kube.liztv.net,
kube.maichong.io,
kube.moodnet.eu,
kube.mplogic.co.uk,
kube.paulsouille.fr,
kube.pkumlg.org,
kube.pulse-ai.com,
kube.qform24.com,
kube.scala.ly,
kube.sp2.io,
kube.swine.de,
kube.weightrack.io,
kube.workwolf.io,
kube.yasatech.ir,
kube.yw-app.com,
kube.zotha.de,
kube.colt.re,
kube.darus.io,
kube.srg-it.ru,
kube.etailos.com,
kube.bounceme.net,
kube.my-mediahome.ru,
kube.pbops.ru,
kube.temanpandai.com,
kube.hezongjian.com,
kube.balab.fr,
kube.1mediacenter.org,
kube.nou-an.com,
kube.hacklab.com.br,
kube.nilasoft.com,
kube.cheapassbox.com,
kube.justmeet.dev,
kube.swarmdj.com,
kube.deviantart.com,
kube.addictinggames.com,
kube.matchfire.io,
kube.corte-x.com,
kube.radiodiodi.fi,
kube.kwatra.me,
kube.willie-lin.pp.ua,
kube.justahero.photography,
kube.testingxperts.com,
kube.atcom.gr,
kube.lotto-m.com,
kube.envisagetest.co.uk,
kube.pishran.tech,
kube.maravicreative.com,
kube.sigkill.net,
kube.astea.net,
kube.spotwa.re,
kube.propl.us,
kube.tuxhpc.net,