domainName,
mcafee.activatemacfee.us,
mcafee.africacybersecurityconference.com,
mcafee.arvatousa.com,
mcafee.aust.com,
mcafee.comactivate.org,
mcafee.educacion-online.net,
mcafee.klantenservicenummernederland.com,
mcafee.ingrammicrosa.com,
mcafee.productkey.tk,
mcafee.products-keys.me,
mcafee.securitas.de,
mcafee.skachat-sejchas.ru,
mcafee.supportnetherlands.com,
mcafee.supportsphonenumber.com,
mcafee.install-product.com,
mcafee.ulitzer.com,
mcafee.z-n-s.net,
mcafee.pollnowapp.com,
mcafee.acc-test.jp,
mcafee.antivirus.co.il,
mcafee.videoevent.live,
mcafee.zinfi.com,
mcafee.customerslivehelp.com,
mcafee.antivirusactivations.com,
mcafee.setup-activation.org,
mcafee.intshops.org,
mcafee.loew.de,
mcafee.nbb.be,
mcafee.productsetuponline.com,
mcafee.softwaredaddy.net,
mcafee.univ-savoie.fr,
mcafee.com-setup.site,
mcafee.anonymouscoin.com,
mcafee.m3setup.co.uk,
mcafee.customers-help.com,
mcafee.twcable.com,
mcafee.accessworld.net,
mcafee.advisertechnology.com,
mcafee.expertechs.net,
mcafee.hzau.edu.cn,
mcafee.key-products.online,
mcafee.mutare.com,
mcafee.noiseapps.com,
mcafee.productkey-setup.online,
mcafee.setup-product.com,
mcafee.submit.com,
mcafee.teknicians.com,
mcafee.com-activate-card.net,
mcafee.help-activate.com,
mcafee.helplinenumbers.net,
mcafee.kuyoko.com,
mcafee.m3activate.co.uk,
mcafee.shortlist.co,
mcafee.applescare.live,
mcafee.com-setups.com,
mcafee.quantuminternetsystems.com,
mcafee.a4activate.co.uk,
mcafee.prodssites.com,
mcafee.top10antivirus.site,
mcafee.verification-product.me,
mcafee.cristoro.cl,
mcafee.secureie.com,
mcafee.activatelife.net,
mcafee.microsoftofficesetup.com,
mcafee.k12.com,
mcafee.key-products.me,
mcafee.ondersteuningbelgie.com,
mcafee.renewalpc.shop,
mcafee.scyllagroup.com,
mcafee.setupandinstall.com,
mcafee.setupinstall.tk,
mcafee.socialondemand.co.uk,
mcafee.support-chat.net,
mcafee.support-numberireland.com,
mcafee.virus-alert.me,
mcafee.volkssolidaritaet.de,
mcafee.nextbusiness-it.de,
mcafee.customer-carehelpline.com,
mcafee.bigoffers.online,
mcafee.numberireland.com,
mcafee.freeavdownload.com,
mcafee.medrecoverysolutions.com,
mcafee.comcactivate.com,
mcafee.wsupport.online,
mcafee.grupo.biz,
mcafee.customer-help.us,
mcafee.smartcode.com,
mcafee.safex.io,
mcafee.linkpark.hu,
mcafee.klantenservicebelgie.be,
mcafee.is-a-vir.us,
mcafee.com.com,
mcafee.certificationlinks.com,
mcafee.com-activate-us.com,
mcafee.epa.gov,
mcafee.ftpstream.com,
mcafee.helpdesktelefoonnederland.nl,
mcafee.helpnumber.us,
mcafee.jobs2web.com,
mcafee.myeshop.pro,
mcafee.software.net,
mcafee.supportnumbers.online,
mcafee.tangomark.com,
mcafee.vantagecircle.com,
mcafee.customerservicephonenumber.net,
mcafee.antiviruscontactnederland.com,
mcafee.wordpress.com,
mcafee.nedir.com,
mcafee.renew-protection.com,
mcafee.asiakaspalvelusuomi.com,
mcafee.kioskms.com,
mcafee.linkgroup.co.uk,
mcafee.keysverify-products.me,
mcafee.antivirussupportnumberca.ca,
mcafee.1st2tech.com,
mcafee.bark.us,
mcafee.com-setup-activate.com,
mcafee.comactivate.xyz,
mcafee.hunterwater.com.au,
mcafee.key-product.com,
mcafee.kingdrug.com,
mcafee.logicieltop10antivirus.com,
mcafee.osklen.com.br,
mcafee.pnl.gov,
mcafee.productkeyinstall.com,
mcafee.productsetupinstall.com,
mcafee.se.dk,
mcafee.setup-activate-now.com,
mcafee.sinaptix.com,
mcafee.timbrasil.com.br,
mcafee.verify-product.me,
mcafee.wearepcr.com,
mcafee.com-isetup.com,
mcafee.netfllx.me,
mcafee.acceptondemand.com,
mcafee.com-activate.services,
mcafee.g2planet.com,
mcafee.converge-net.com,
mcafee.4myrebate.com,
mcafee.keys-setup.services,
mcafee.activates-online.com,
mcafee.cnwl.ac.uk,
mcafee.com-productkey.com,
mcafee.eservice.com.pl,
mcafee.identitymanagementcenter.com,
mcafee.keys-product.me,
mcafee.link-devicesetup.com,
mcafee.marshal.com,
mcafee.myweblogin.ch,
mcafee.products-setup.com,
mcafee.rcignite.com,
mcafee.renewal-advisor.com,
mcafee.setup-productkey.online,
mcafee.activatem6.co.uk,
mcafee.comredeem.co.uk,
mcafee.oliverflowershop.co,
mcafee.com-activate.tech,
mcafee.fusion.bz,
mcafee.nocontract.com,
mcafee.m1activate.co.uk,
mcafee.serialcart.com,
mcafee.com-setup.de,
mcafee.customersupportphonenumber.net,
mcafee.tihamapower.com,
mcafee.asama.ne.jp,
mcafee.com-aactivate.com,
mcafee.supportnumberuk.co.uk,
mcafee.ezinemark.com,
mcafee.pcperformancetools.com,
mcafee.securityforumz.com,
mcafee.bakotech.com,
mcafee.klantenservicenederland.com,
mcafee.apple-macservices.com,
mcafee.com-setup.global,
mcafee.com-setup.store,
mcafee.comsetup.ooo,
mcafee.couponcodes4soft.com,
mcafee.ethicspoint.com,
mcafee.numerodetelephonefrance.com,
mcafee.vivo-deals.com,
mcafee.rebatesportal.com,
mcafee.supportnumberau.com,
mcafee.turbonomic.io,
mcafee.ufs.ac.za,
mcafee.beatsantivirussoftware.com,
mcafee.com-setups.co,
mcafee.klantenservicebelgium.be,
mcafee.altegrity.com,
mcafee.biglobe.ne.jp,
mcafee.giftcarddeals.org,
mcafee.installandsetups.com,
mcafee.com-activate.co,
mcafee.com-setup-activates.uk,
mcafee.bham.ac.uk,
mcafee.25digitscode.com,
mcafee.pissedconsumer.com,
mcafee.compromocodes.com,
mcafee.com-activate.net,
mcafee.n5setup.co.uk,
mcafee.hevetia.com,
mcafee.contactnummernederland.com,
mcafee.25activate.com,
mcafee.123hour.com,
mcafee.antivirusklantenservicebelgie.com,
mcafee.ccniit.com,
mcafee.com-activate-en.com,
mcafee.com-en-activate.com,
mcafee.computer-media.ch,
mcafee.helplinenumber.org,
mcafee.product-key.online,
mcafee.stu.edu.tw,
mcafee.see-events.online,
mcafee.products-key.me,
mcafee.antivirusklantenservicebelgie.be,
mcafee.callspartner.com,
mcafee.softpicks.fr,
mcafee.de.la,
mcafee.keyverifies-products.me,
mcafee.exefile.site,
mcafee.coms-activate.me,
mcafee.customer-service-phone-number.com,
mcafee.comactivate.tech,
mcafee.clickhereformoreinfo.com,
mcafee.taleo.net,
mcafee.antivirussupportaustralia.com,
mcafee.n3setup.co.uk,
mcafee.supportnumbernz.co.nz,
mcafee.activateyourproductskey.com,
mcafee.livetechsupport4u.com,
mcafee.help-setup.com,
mcafee.billing-help.online,
mcafee.com-setup.ltd,
mcafee.antivirussupportcanada.ca,
mcafee.com--activate.support,
mcafee.setup-portal.net,
mcafee.com-setup-install.com,
mcafee.antivirusnumbersupport.com,
mcafee.support-phonenumber.com,
mcafee.mobility-challenge.com,
mcafee.northgate-is.com,
mcafee.hatsun.com,
mcafee.installation-key.com,
mcafee.key-activation.com,
mcafee.keyverification-product.me,
mcafee.logica.co.uk,
mcafee.mihanblog.com,
mcafee.orientador-br.com,
mcafee.pin-ag.de,
mcafee.supportaustralia.com.au,
mcafee.zift123.com,
mcafee.in-download.de,
mcafee.products-enroll.site,
mcafee.comactivate.support,
mcafee.m6setup.co.uk,
mcafee.n2setup.co.uk,
mcafee.antivirusklantenservicenederland.com,
mcafee.termweb.eu,
mcafee.register-product.me,
mcafee.setup-productkey-install.com,
mcafee.photoshelter.com,
mcafee.wallinside.com,
mcafee.product-enroll.site,
mcafee.comactivate.site,
mcafee.activate-setup.com,
mcafee.activateyoursproductskey.net,
mcafee.behapi.net,
mcafee.emconfm.com,
mcafee.getbonus.xyz,
mcafee.keyverifies-product.me,
mcafee.pce.sk,
mcafee.tc-ops.com,
mcafee.us-support-online.com,
mcafee.zendesk.com,
mcafee.anti-viruss.com,
mcafee.softpicks.com.de,
mcafee.key-setups.services,
mcafee.uk.net,
mcafee.bravesites.com,
mcafee.dzair-info.com,
mcafee.onlined.org,
mcafee.m4activate.co.uk,
mcafee.antivirussupportnumberca.com,
mcafee.antivirus-setup.com,
mcafee.antivirus-protection.me,
mcafee.web-deve.com,
mcafee.setup-activations.com,
mcafee.unicon.dk,
mcafee.arrowdemo.se,
mcafee.eblogmedia.com,
mcafee.grg.de,
mcafee.home-use.com,
mcafee.install-key.com,
mcafee.it-tallaght.ie,
mcafee.joann.com,
mcafee.key-activates.com,
mcafee.krosselegance.com,
mcafee.norton.best,
mcafee.pu.edu.tw,
mcafee.setup-installs.com,
mcafee.setup-productkey.com,
mcafee.thebestdeal.xyz,
mcafee.uk-help-number.co.uk,
mcafee.vsource.io,
mcafee.support-phone-number.net,
mcafee.fr-manual.com,
mcafee.projectcog.com,
mcafee.com-activate.com,
mcafee.supportnumberireland.com,
mcafee.com-setup.club,
mcafee.productkey-verify.site,
mcafee.verify-keys.site,
mcafee.hec.ca,
mcafee.fanhow.com,
mcafee.softpile.com,
mcafee.router123.com,
mcafee.glencooper.com,
mcafee.redeemtvcode.com,
mcafee.supportincall.com,
mcafee.download-windows.org,
mcafee.qarchive.org,
mcafee.resorts-hotels-reservations.com,
mcafee.loginz.net,
mcafee.comverification.com,
mcafee.setup-key.com,
mcafee.klantenservicebelgie.com,
mcafee.setupinstall-product.com,
mcafee.numberaustralia.com,
mcafee.ahc.net.in,
mcafee.awsapps.com,
mcafee.clb-berlin.de,
mcafee.com--activate.com,
mcafee.comactivate.me,
mcafee.considerfloor.com,
mcafee.install-setup.online,
mcafee.mcafeesetupactivate.com,
mcafee.nnit.com,
mcafee.omniasig.ro,
mcafee.onlivesafe.com,
mcafee.product-setup.com,
mcafee.rajaa.ir,
mcafee.setupinstall.ga,
mcafee.verifykey-product.com,
mcafee.virusmaker.net,
mcafee.antivirussupportnumbercanada.ca,
mcafee.smartoptions.club,
mcafee.sitey.me,
mcafee.product-key.me,
mcafee.bubb.hu,
mcafee.billinghelp.online,
mcafee.ilogoindonesia.id,
mcafee.contactnederland.com,
mcafee.7eer.net,
mcafee.arcelormittalusa.com,
mcafee.asuscomm.com,
mcafee.cirrusabssirvasubdomain.com,
mcafee.com-offer.website,
mcafee.cut.ac.za,
mcafee.duravermeer.nl,
mcafee.getsofti.com,
mcafee.gratka.pl,
mcafee.heribyte.com,
mcafee.homeserver.com,
mcafee.keyverify-products.me,
mcafee.lincolncenter.org,
mcafee.norco-inc.com,
mcafee.online-fix.com,
mcafee.productkeyinstall.tk,
mcafee.slack.com,
mcafee.uv.es,
mcafee.voicestorm.com,
mcafee.wcapra.com,
mcafee.de-manual.com,
mcafee.product-keysetup.com,
mcafee.sumtotalsystems.com,
mcafee.com-activate.me,
mcafee.setup-products-key.com,
mcafee.setup-portal.com,
mcafee.setupactivate.net,
mcafee.antivirussupportca.ca,
mcafee.supportnewzealand.co.nz,
mcafee.supportaus.com,
mcafee.crawco.com,
mcafee.conatctbelgium.com,
mcafee.kbactivate.com,
mcafee.activateforum.net,
mcafee.billmann-edv.de,
mcafee.getvisibly.com,
mcafee.supportnumbersaustralia.com,
mcafee.niedrigepreise.at,
mcafee.imsa.io,
mcafee.aptcommerce.com,
mcafee.com-setup.ooo,
mcafee.comboclick.com,
mcafee.download-setup.online,
mcafee.jamfcloud.com,
mcafee.remotetech.org,
mcafee.renewalpc2.org,
mcafee.set-setup.com,
mcafee.setup-productkey-install.online,
mcafee.yourcause.com,
mcafee.fandom.com,
mcafee.redeem-key.com,
mcafee.klantenservicebelgium.com,
mcafee.comverify.site,
mcafee.afreecodec.com,
mcafee.comisetup.com,
mcafee.comcode.site,
mcafee.boldonjames.com,
mcafee.activatediscussion.com,
mcafee.conemis.com,
mcafee.bewakingswinkel.eu,
mcafee.kbactivate.us,
mcafee.omitworks.com,
mcafee.supportbelgie.com,
mcafee.setupactivatepro.com,
mcafee.hsselite.com,
mcafee.wreckingball.net,
mcafee.com-app.download,
mcafee.com-protection.live,
mcafee.coms-setup.com,
mcafee.vcenter.ir,
mcafee.freesoftstore.com,
mcafee.service-now.xyz,
mcafee.stadiumhotelnetwork.com,
mcafee.suzyq-records.de,
mcafee.televork.ee,
mcafee.key-redeem.com,
mcafee.setupproductkey.online,
mcafee.comkeysetup.xyz,
mcafee.assistenzaclientiitalia.com,
mcafee.fr-manuals.com,
mcafee.contactnederland.nl,
mcafee.yournewteethnow.com,
mcafee.klantenservicetelefoon.com,
mcafee.setup-activation.com,
mcafee.wikia.com,
mcafee.comactivationsupport.com,
mcafee.fileflash.com,
mcafee.antivirussupportaustralia.com.au,
mcafee.com-activate.xyz,
mcafee.descargar.es,
mcafee.eoutlet.co.uk,
mcafee.vectoreng.com,
mcafee.avtotalsecurity.com,
mcafee.m2activate.co.uk,
mcafee.comactivate.uk,
mcafee.bb.com.vn,
mcafee.crystalcarolinasports.com,
mcafee.com-setupinstall.com,
mcafee.code-enrolls.site,
mcafee.soup.io,
mcafee.be-tse.de,
mcafee.buyitdirect.com,
mcafee.ingilizian.com,
mcafee.richterindustries.com,
mcafee.antiviruscontactbelgie.com,
mcafee.antivirusultimate.com,
mcafee.setup.services,
mcafee.com---notifications.com,
mcafee.ethereumpromo.io,
mcafee.imiinc.com,
mcafee.keys-products.me,
mcafee.moogsoft.io,
mcafee.camdvr.org,
mcafee.winwizardsolutions.com,
mcafee.hcplonline.info,
mcafee.key-product.site,
mcafee.leadfactory.com,
mcafee.kpeye.pro,
mcafee.windows55.com,
mcafee.mdg-ldm.com,
mcafee.getforge.io,
mcafee.neverdieeasy.com,
mcafee.n1setup.co.uk,
mcafee.downloadsh.com,
mcafee.helpdesktelefoon.com,
mcafee.supportnederland.com,
mcafee.global-3.com,
mcafee.netexam.com,
mcafee.contently.com,
mcafee.zoom.us,
mcafee.a5activate.co.uk,
mcafee.shahmeet.com,
mcafee.antivirussupport.ca,
mcafee.supportnumbercanada.ca,
mcafee.tosal.com,
mcafee.knoji.com,
mcafee.softpicks.pt,
mcafee.mikroplan.com,
mcafee.diamondssellers.com,
mcafee.0x10.info,
mcafee.askpcexperts.com,
mcafee.boku.ac.at,
mcafee.com-renewal.website,
mcafee.curize.me,
mcafee.customersupportnumber.net,
mcafee.geeklivesupports.com,
mcafee.loginq.com,
mcafee.myfuturesite.com,
mcafee.paycom.com,
mcafee.productkeysetuponline.com,
mcafee.squarespace.com,
mcafee.support-mcafee.support,
mcafee.thetownsendcorp.com,
mcafee.us.com,
mcafee.worldwidewholesale.com,
mcafee.com-setup.ca,
mcafee.setup-products.com,
mcafee.ipviking.com,
mcafee.com-activate.support,
mcafee.pixnet.net,
mcafee.buyonlineau.com.au,
mcafee.comsetups.xyz,
mcafee.keyverify-product.me,
mcafee.entelechargement.com,
mcafee.discussionactivate.com,
mcafee.solutekcolombia.com,
mcafee.n6setup.co.uk,
mcafee.imsecuritydevelopmenthub.com,
mcafee.iros.no,
mcafee.antivirussupportphonenumber.com.au,
mcafee.lastpass.com,
mcafee.retail-isetup.com,
mcafee.com-activate.uk,
mcafee.comactivate.in,
mcafee.antivirus-activation.com,
mcafee.antiviruscares.com,
mcafee.comactivation.xyz,
mcafee.fabricadetecnologia.com,
mcafee.comactivatenow.com,
mcafee.customers-help.us,
mcafee.downloadsetup.online,
mcafee.eth10000.io,
mcafee.gotadsl.co.uk,
mcafee.installsetupkey.com,
mcafee.ipt.pw,
mcafee.keys-product.site,
mcafee.melexis.com,
mcafee.product-ketupinstall.com,
mcafee.productkey-setup.com,
mcafee.rw001.com,
mcafee.setup-portals.com,
mcafee.sun-tel.ru,
mcafee.webbex.com,
mcafee.wsupport.uk,
mcafee.gnld.net,
mcafee.antivirustechnicalsupportnumber.com,
mcafee.uk.com,
mcafee.brothersoft.com,
mcafee.com-setup.com,
mcafee.citrusinformatics.com,
mcafee.m2setup.co.uk,
mcafee.home.blog,
mcafee.macfeeactivate.us,
mcafee.zocker-media.de,
mcafee.antiviruscustomersupportnumber.org,
mcafee.de-manuals.com,
mcafee.comverifies.com,
mcafee.open-closed.us,
mcafee.com5-site.com,
mcafee.with-uxo.fr,
mcafee.ab-archive.net,
mcafee.key-redeem.services,
mcafee.helpdesktelefoonnummernederland.com,
mcafee.install-setupinstall.online,
mcafee.customer-phone-number.com,
mcafee.avantel.net.mx,
mcafee.com-activate.store,
mcafee.ferring.com,
mcafee.top10antivirenprogramm.de,
mcafee.dhbw-ravensburg.de,
mcafee.telinduscloud.lu,
mcafee.ips.pt,
mcafee.amidar.co.il,
mcafee.antivirussupportireland.com,
mcafee.arados.de,
mcafee.atlantichealth.org,
mcafee.dnslake.com,
mcafee.possling.de,
mcafee.antivirussupportphonenumber.com,
mcafee.fun.to,
mcafee.com-setupweb.com,
mcafee.icert.biz,
mcafee.linkagedev.com.hk,
mcafee.comauth.site,
mcafee.comcodes.site,
mcafee.loginm.com,
mcafee.nordicedge.com,
mcafee.onquip.com,
mcafee.errormedic.com,
mcafee.supportnumberaustralia.com.au,
mcafee.mkbactivate.us,
mcafee.comactivates.uk,
mcafee.chesebro.info,
mcafee.mexis.net,