domainName,
nutanix.gitlab.io,
nutanix.healthcareitnews.com,
nutanix.blogspot.mx,
nutanix.rmutto.ac.th,
nutanix.next1.it,
nutanix.securityjourney.com,
nutanix.computerservicecentre.com,
nutanix.securecircle.com,
nutanix.hs-augsburg.de,
nutanix.0x10.info,
nutanix.nexiosoft.com,
nutanix.vmstrata.com,
nutanix.accessus.biz,
nutanix.pgtek.com,
nutanix.skael.us,
nutanix.influitive.com,
nutanix.ilogoindonesia.id,
nutanix.eightfold.ai,
nutanix.noku.xyz,
nutanix.martech-blog.com,
nutanix.mktoweb.com,
nutanix.software-online.ch,
nutanix.idgconnect.com,
nutanix.langoorqa.net,
nutanix.adobecqms.net,
nutanix.it-net.pro,
nutanix.wtf.tools,
nutanix.jniwebshop.com,
nutanix.blogspot.de,
nutanix.belgacem.net,
nutanix.siroclinpharm.com,
nutanix.vids.io,
nutanix.personaldata.it,
nutanix.vintin.de,
nutanix.weared.com.co,
nutanix.virtuallygeeky.com,
nutanix.sugrgroup.com,
nutanix.jhana.com,
nutanix.zoom.us,
nutanix.cloudmaster.ru,
nutanix.clarks.com,
nutanix.gratitudeentandmedia.com,
nutanix.shh.fi,
nutanix.brighttalk.com,
nutanix.syssoft.ru,
nutanix.cloud-blog.com.tw,
nutanix.github.io,
nutanix.teamtalk.net.nz,
nutanix.blogspot.com,
nutanix.stkyazilim.com,
nutanix.canterbury.ac.uk,
nutanix.channelrocket.com,
nutanix.hoff.id.au,
nutanix.ineedcpr.com,
nutanix.madebygrizzly.com,
nutanix.mmouse.nl,
nutanix.blogspot.ca,
nutanix.vmwaremine.com,
nutanix.brigzzy.net,
nutanix.michaelbest.com,
nutanix.ewerk.biz,
nutanix.jnidemoshop.com,
nutanix.businessinternational.it,
nutanix.historymuseum.ca,
nutanix.clearcloud.co.za,
nutanix.ru-optom.ru,
nutanix.kpbs.ru,
nutanix.publishared.co.za,
nutanix.leapmediallc.com,
nutanix.com.nl,
nutanix.duckdns.org,
nutanix.yourpromozone.com,
nutanix.connpass.com,
nutanix.a-2-z.co.il,
nutanix.djtripple-o.ch,
nutanix.eurounic.ru,
nutanix.slack.com,
nutanix.opusd.tech,
nutanix.lce8.com,
nutanix.dejobs.org,
nutanix.sherpadm.com,
nutanix.techcentral.co.za,
nutanix.events.co.il,
nutanix.meredith.com,
nutanix.valuestoryapp.com,
nutanix.4dim.it,
nutanix.plotly.host,
nutanix.releaseiq.io,
nutanix.martinliu.cn,
nutanix.supportlogic.io,
nutanix.tentpoledatasciences.com,
nutanix.vizru.com,
nutanix.bhz.br,
nutanix.mindtickle.com,
nutanix.sofyma.com,
nutanix.networld.co.jp,
nutanix.cxoeventsme.com,
nutanix.npcprom.ru,
nutanix.martynav.com,
nutanix.mycloudexpo.com,
nutanix.redwolfsecurity.com,
nutanix.mackillop.act.edu.au,
nutanix.linkactiv.net,
nutanix.michael-costa.com,
nutanix.it-news-and-events.info,
nutanix.lptm.co.il,
nutanix.couno.co.uk,
nutanix.handsonworkshops.com,
nutanix.museedelhistoire.ca,
nutanix.crndigitalnewsroom.com,
nutanix.clm.com.br,
nutanix.webservice-hk.com,