domainName,
checkpoint.zendesk.com,
checkpoint.bendingspoons.com,
checkpoint.panji.website,
checkpoint.royal-drama.net,
checkpoint.smartrum.cn,
checkpoint.squarespace.com,
checkpoint.esxiprovider.de,
checkpoint.fsw.edu,
checkpoint.hil.in,
checkpoint.cybersoc.gq,
checkpoint.iargservice.com,
checkpoint.onenet.net,
checkpoint.postbank.co.ug,
checkpoint.securitas.de,
checkpoint.selfearth.com,
checkpoint.thefolk.com,
checkpoint.uni-duisburg.de,
checkpoint.iapps4you.com,
checkpoint.brodietoyotalift.com,
checkpoint.steegmans.eu,
checkpoint.souvislosti.cz,
checkpoint.officespacesoftware.com,
checkpoint.programas-gratis.net,
checkpoint.olx.com.ec,
checkpoint.alexq.co.uk,
checkpoint.appings.info,
checkpoint.digiwhite.nl,
checkpoint.faddman.se,
checkpoint.fastugly.com,
checkpoint.finalvarlik.com.tr,
checkpoint.itcip.ru,
checkpoint.nufa-ad.com,
checkpoint.softbot.co,
checkpoint.typicalneeds.com,
checkpoint.westlotto.de,
checkpoint.wetcheep.com,
checkpoint.objectis.net,
checkpoint.mypage.ru,
checkpoint.resurs.com,
checkpoint.sonix.pt,
checkpoint.twinsolutions.co.za,
checkpoint.mathspce.co,
checkpoint.innomedio.dev,
checkpoint.upm.com,
checkpoint.dariodiesel.com,
checkpoint.cyner.io,
checkpoint.verifies.live,
checkpoint.acom.us,
checkpoint.crcsme.org,
checkpoint.dominionelectric.com,
checkpoint.dominionoilfields.com,
checkpoint.fruitstresser.net,
checkpoint.haute-mer.com,
checkpoint.herfindr.com,
checkpoint.it-ex.com,
checkpoint.lapizverde.cl,
checkpoint.nemec.photography,
checkpoint.patrickcheruiyot.com,
checkpoint.purecobalt.com,
checkpoint.tradingsecrets.co.uk,
checkpoint.viplike68.com,
checkpoint.engageandgrowglobal.com,
checkpoint.wopereis.nl,
checkpoint.edj.co,
checkpoint.aib.ca,
checkpoint.tgcom24.it,
checkpoint.ditchwitchva.com,
checkpoint.aytotorrelavega.es,
checkpoint.belnet.be,
checkpoint.cheltladiescollege.org,
checkpoint.cloudapp.net,
checkpoint.cympire.com,
checkpoint.florence.edu.br,
checkpoint.grober.com,
checkpoint.groover.se,
checkpoint.iomegalink.com,
checkpoint.lashsecret.com,
checkpoint.loopur.info,
checkpoint.netstudios.com,
checkpoint.revuerare.com,
checkpoint.suzyq-records.de,
checkpoint.thetmz.info,
checkpoint.mistermid.com,
checkpoint.monsters-et-manus.com,
checkpoint.maksipay.com,
checkpoint.krafft.mobi,
checkpoint.ciclick.net,
checkpoint.bloggplatsen.se,
checkpoint.pokerlegenda2.com,
checkpoint.safectory.com,
checkpoint.tam.by,
checkpoint.a--a.ru,
checkpoint.axioswine.com,
checkpoint.vnptfintech.vn,
checkpoint.gidm.ru,
checkpoint.prodata-systems.be,
checkpoint.substack.com,
checkpoint.monthkinship.eu,
checkpoint.portobello.com.br,
checkpoint.wisefollow.com,
checkpoint.blm.com,
checkpoint.lockblue.com,
checkpoint.certificationlinks.com,
checkpoint.milford.one,
checkpoint.mixprofile.org,
checkpoint.cotomato.net,
checkpoint.ncmgm.org,
checkpoint.pwc.com,
checkpoint.spb.ru,
checkpoint.tarrasmart.com,
checkpoint.tractrevolutionary.eu,
checkpoint.wuerth.cz,
checkpoint.homeserver.com,
checkpoint.iispareto.eu,
checkpoint.kajot.cz,
checkpoint.echeide.com,
checkpoint.gcn.ca,
checkpoint.nud.ca,
checkpoint.immunie.digital,
checkpoint.ilogoindonesia.id,
checkpoint.learnfrontline.cloud,
checkpoint.modalisboa.pt,
checkpoint.sti.edu,
checkpoint.cms.org.au,
checkpoint.americanyp.com,
checkpoint.custhelp.com,
checkpoint.firstamtrust.com,
checkpoint.highlinepick.com,
checkpoint.jostens.com,
checkpoint.mas-e.it,
checkpoint.pilbal.com,
checkpoint.prokoda.de,
checkpoint.tugraz.at,
checkpoint.ukranews.com,
checkpoint.volkssolidaritaet.de,
checkpoint.wsdev.net,
checkpoint.c5style.dk,
checkpoint.oabsoftware.nl,
checkpoint.skindustries.nl,
checkpoint.flmlab.cl,
checkpoint.shell.com,
checkpoint.synergon.app,
checkpoint.usedvermeertexas.com,
checkpoint.revelateur.fr,
checkpoint.nht.ca,
checkpoint.per.ca,
checkpoint.istruzioneer.it,
checkpoint.berendrecht.net,
checkpoint.energy.gov.ua,
checkpoint.glasnik.rs,
checkpoint.group-taurus.com,
checkpoint.innomedio.be,
checkpoint.payweb.ca,
checkpoint.pro.to,
checkpoint.proserve.nl,
checkpoint.reroyaltrading.ca,
checkpoint.univ-valenciennes.fr,
checkpoint.ytmnsfw.com,
checkpoint.ra-or.ru,
checkpoint.kjasogmas.space,
checkpoint.lgktest.it,
checkpoint.arkivedev.com,
checkpoint.digicelgroup.com,
checkpoint.amtrol.com,
checkpoint.attphone.tech,
checkpoint.bestofshort.com,
checkpoint.comhem.co,
checkpoint.deanloades.com,
checkpoint.ejemail.com,
checkpoint.mos.com.np,
checkpoint.mostcover.org,
checkpoint.myquadmedical.com,
checkpoint.regio-med.ch,
checkpoint.ru.com,
checkpoint.tinyspeck.com,
checkpoint.triadedaaprovacao.com.br,
checkpoint.hotels-of-saint-petersburg.com,
checkpoint.fora.pl,
checkpoint.tosmo.jp,
checkpoint.sg.ch,
checkpoint.anoto.com,
checkpoint.washingtonlift.com,
checkpoint.deluxe.ca,
checkpoint.kayako.com,
checkpoint.shelter.com.sa,
checkpoint.hnf.ca,
checkpoint.wrapinsurance.com,
checkpoint.nsx.ca,
checkpoint.carrd.co,
checkpoint.findittrading.com,
checkpoint.checkpointinn.co.ke,
checkpoint.freeboxos.fr,
checkpoint.nbm.ca,
checkpoint.primeprint.ru,
checkpoint.laleyonline.com.ar,
checkpoint.arma.academy,
checkpoint.dimplex.com,
checkpoint.echarris.com,
checkpoint.edera.digital,
checkpoint.grindhookup.com,
checkpoint.gsm2go.com,
checkpoint.gxt.com,
checkpoint.inbtween.de,
checkpoint.jul.co.il,
checkpoint.kyobidigital.com,
checkpoint.likesforinsta.com,
checkpoint.prescriptionpixel.com,
checkpoint.transducerworks.com,
checkpoint.schlossklaus.at,
checkpoint.juegosipo.com,
checkpoint.schoolcity.com,
checkpoint.l2w.kz,
checkpoint.madesafe.com,
checkpoint.gr3sistemasintegrales.com,
checkpoint.hangszerberles.hu,
checkpoint.newteen.pt,
checkpoint.tryfrontline.cloud,
checkpoint.getmtraining.online,
checkpoint.marcussmit.nl,
checkpoint.forumeiros.com,
checkpoint.buzzsprout.com,
checkpoint.awsapps.com,
checkpoint.elanders.com,
checkpoint.foein.com,
checkpoint.frontline.cloud,
checkpoint.goneage.com,
checkpoint.kettag.eu,
checkpoint.kidsafetybox.com,
checkpoint.myweblogin.ch,
checkpoint.nhstage.com,
checkpoint.pppl.gov,
checkpoint.ruletadeportiva.com.co,
checkpoint.supartments.com,
checkpoint.ansible.co.uk,
checkpoint.dropon.pt,
checkpoint.kfh.network,
checkpoint.clico.pl,
checkpoint.nmm.co,
checkpoint.nayersoft.com,
checkpoint.liftruckinc.com,
checkpoint.bonami.de,
checkpoint.sacredfirenet.com,
checkpoint.keymaster.pt,
checkpoint.untergrund.net,
checkpoint.afaqy.com,
checkpoint.atera.com,
checkpoint.beathell.com,
checkpoint.codit.eu,
checkpoint.deepviz.com,
checkpoint.donsomhong.net,
checkpoint.eastriver.coop,
checkpoint.grg.de,
checkpoint.itsbuzz.info,
checkpoint.la.net.ua,
checkpoint.misto.de,
checkpoint.nichost.ru,
checkpoint.officedoc.se,
checkpoint.pin-ag.de,
checkpoint.riddlemedailychallenges.com,
checkpoint.ventajasapp.com,
checkpoint.onquip.com,
checkpoint.simpletech.ng,
checkpoint.floorresources.com,
checkpoint.criticalaccess.org,
checkpoint.nbd.ca,
checkpoint.academiconcepts.org,
checkpoint.diastextil.pt,
checkpoint.cvcheck.com,
checkpoint.wha.org,
checkpoint.gormaticanet.es,
checkpoint.aelios.com,
checkpoint.blogya.de,
checkpoint.lionbr.com,
checkpoint.simonekarl.de,
checkpoint.relsites.com,
checkpoint.samudera.id,
checkpoint.askmagix.com,
checkpoint.lifesocial.com.au,
checkpoint.acronisdemo.com,
checkpoint.brodie.com,
checkpoint.cornersymbol.eu,
checkpoint.franklincoveyproducts.com,
checkpoint.halltowbars.com.au,
checkpoint.musalabg.com,
checkpoint.pns-mgmt.com,
checkpoint.pointer.com.br,
checkpoint.raisechile.com,
checkpoint.ssl-instagram.com,
checkpoint.thacher.org,
checkpoint.ubd.pl,
checkpoint.politifake.org,
checkpoint.nikki.dk,
checkpoint.hachette-livre.fr,
checkpoint.my-manto-ai.com,
checkpoint.gamebox.bg,
checkpoint.vermeermidsouth.com,
checkpoint.webcake.io,
checkpoint.1800dentist.com,
checkpoint.tricotruck.com,
checkpoint.xsell.bg,
checkpoint.mbx.ca,
checkpoint.qcb.ca,
checkpoint.reconfirmations-pages-2021.my.id,
checkpoint.odo.io,
checkpoint.zappen.nl,
checkpoint.bwtestbedp.us,
checkpoint.crossfit31.co,
checkpoint.play-it.co.il,
checkpoint.tomsk.ru,
checkpoint.alteridged.com,
checkpoint.arrowecs.cz,
checkpoint.bondawareneck.com,
checkpoint.foribm.com,
checkpoint.fptacademy.vn,
checkpoint.gwpc.org,
checkpoint.hopto.org,
checkpoint.innomedio.work,
checkpoint.paycom.com,
checkpoint.spei.com.ph,
checkpoint.superiortaste.be,
checkpoint.tabads.co.ke,
checkpoint.tokensupport.io,
checkpoint.valahia.ro,
checkpoint.vavilala.enterprises,
checkpoint.web-laboratory.pp.ua,
checkpoint.web-studio.dk,
checkpoint.whirl.co.za,
checkpoint.knoji.com,
checkpoint.bunkersuites.com,
checkpoint.rachamim.net,
checkpoint.tidewaterequip.com,
checkpoint.cor2ed.com,
checkpoint.tagesspiegel.de,
checkpoint.pew.ca,
checkpoint.dsk.ca,
checkpoint.nfx.ca,
checkpoint.vnext.vn,
checkpoint.kaptiva.com.br,
checkpoint.wisemetals.com,
checkpoint.axoftglobal.com,
checkpoint.steam.com.mx,
checkpoint.select-hotels.eu,
checkpoint.worddetector.com,
checkpoint.cngsystems.co.uk,
checkpoint.fastbordercrossing.org,
checkpoint.amproduction.dk,
checkpoint.caelapps.com,
checkpoint.doneair.com,
checkpoint.east.de,
checkpoint.four-soft.dk,
checkpoint.hillsidestone.com,
checkpoint.jugglingpixel.com,
checkpoint.kingsgate-ifa.co.uk,
checkpoint.lifewithcode.com,
checkpoint.makerpass.com,
checkpoint.marchbishow.nl,
checkpoint.pickdiary.com,
checkpoint.possling.de,
checkpoint.qaz31.cn,
checkpoint.realfood.com,
checkpoint.scientificdesert.eu,
checkpoint.umbrella-it.de,
checkpoint.webstar.work,
checkpoint.skl.ca,
checkpoint.wirelessrouteri.com,
checkpoint.thomsonreuters.biz,
checkpoint.discoy.de,
checkpoint.systemx.pro,
checkpoint.supercamp.com.ua,
checkpoint.quilt.idv.tw,
checkpoint.questnik.ru,
checkpoint.goldenkey.org,
checkpoint.desertpen.com,
checkpoint.evilorder.ru,
checkpoint.fspeel.org,
checkpoint.hotelsinsaintpetersburg.net,
checkpoint.hss.com.au,
checkpoint.leanlone.org,
checkpoint.matabit.org,
checkpoint.pronai.com,
checkpoint.recco.com.br,
checkpoint.sierraoncology.com,
checkpoint.ultrabac.com,
checkpoint.calvarycc.qld.edu.au,
checkpoint.pastpork.com,
checkpoint.storex.kz,
checkpoint.tupuntocom.com,
checkpoint.tomsk24.net,
checkpoint.thomsonreuters.co.uk,
checkpoint.dogo.agency,
checkpoint.smartsystems.kz,
checkpoint.rocketbank.ru,
checkpoint.solutekcolombia.com,
checkpoint.wiclark.com,
checkpoint.bolli.us,
checkpoint.hilousa.com,
checkpoint.softline.ru,
checkpoint.telnetworks.net.au,
checkpoint.sundx.ch,
checkpoint.situbondokab.go.id,
checkpoint.sdkireland.com,
checkpoint.cgi.com,
checkpoint.dotmesh.com,
checkpoint.eachbriber.com,
checkpoint.easyint.it,
checkpoint.enternet.hu,
checkpoint.esg.cl,
checkpoint.lapl.org,
checkpoint.molinahealthcare.com,
checkpoint.monalisa.aero,
checkpoint.redkelly.org,
checkpoint.restorelog.ga,
checkpoint.serverscom.net,
checkpoint.uprifle.com,
checkpoint.michigan-unclaimed.org,
checkpoint.enterprisesecuritymag.com,
checkpoint.lundquist.org,
checkpoint.net-security.at,
checkpoint.militarylulz.com,
checkpoint.twister5.com.tw,
checkpoint.faulukenya.com,
checkpoint.hatenablog.jp,
checkpoint.fullsail.edu,
checkpoint.cantookaudio.com,
checkpoint.landpage.co.il,
checkpoint.riag.com,
checkpoint.browix.com,
checkpoint.asuscomm.com,
checkpoint.whimtrack.com,
checkpoint.pharma-resource.com,
checkpoint.servweb.us,
checkpoint.150.mn,
checkpoint.atinet.nl,
checkpoint.divall.org,
checkpoint.encontactone.com,
checkpoint.f6-rent.agency,
checkpoint.hole.kommune.no,
checkpoint.itstreet.be,
checkpoint.pensmarter.com,
checkpoint.unitron.com,
checkpoint.firewall-gateway.de,
checkpoint.netxar.com,
checkpoint.instacurtidas.com.br,
checkpoint.kua.com,
checkpoint.lostdecrease.com,
checkpoint.saasplaza.com,
checkpoint.zooviral.com,
checkpoint.readthedocs.io,
checkpoint.ansible.uk,
checkpoint.prisma.io,
checkpoint.immunie.org,
checkpoint.umuc.edu,
checkpoint.remie.pro,
checkpoint.hilglobal.com,
checkpoint.servimicro.net,
checkpoint.centercode.com,
checkpoint.jimdo.com,
checkpoint.nolasocks.co.il,
checkpoint.fleeq.io,
checkpoint.carecoop.org,
checkpoint.conchosheriff.com,
checkpoint.medsoft.online,
checkpoint.actioncontrelafaim.org,
checkpoint.renre.com,
checkpoint.europ.com,
checkpoint.surpaid.com,
checkpoint.uphf.fr,
checkpoint.zappos.biz,
checkpoint.antibiotice.ro,
checkpoint.be-tse.de,
checkpoint.blink.life,
checkpoint.centralgps.net,
checkpoint.coinila.com,
checkpoint.greenslow.com,
checkpoint.hmarzenal.hu,
checkpoint.kompactpiano.com,
checkpoint.thomsonreuters.com.br,
checkpoint.triplefive.com,
checkpoint.accenture.com,
checkpoint.cgi-us.com,
checkpoint.compulink.co.uk,
checkpoint.dhinteriorkitchens.com,
checkpoint.ejco.com,
checkpoint.gmgma.com,
checkpoint.laudert.de,
checkpoint.milfordind.com.au,
checkpoint.morlo.de,
checkpoint.parkwoodcs.com,
checkpoint.remotewebaccess.com,
checkpoint.sackosubs.com,
checkpoint.solidnumb.com,
checkpoint.telefe.com.ar,
checkpoint.quantumtm.co.uk,
checkpoint.techeni.com,
checkpoint.biuroprasowe.pl,
checkpoint.rusff.ru,
checkpoint.just.nu,
checkpoint.taylorprogramsolutions.com,
checkpoint.highpoint.com,
checkpoint.5mp.eu,
checkpoint.limswarriordx.com,
checkpoint.zoom.us,
checkpoint.zoom.com.cn,
checkpoint.proboxalgerie.com,
checkpoint.homehub.co.th,
checkpoint.wweinsiders.com,
checkpoint.serviceitplus.com,
checkpoint.smartgone.com,
checkpoint.swimlane.io,
checkpoint.westarcapital.com,
checkpoint.somee.com,
checkpoint.insightlink.com.au,
checkpoint.constantpopulation.com,
checkpoint.curamatik.online,
checkpoint.fbacount.com,
checkpoint.influenceflatware.com,
checkpoint.milford-auto.com,
checkpoint.milford-group.com.au,
checkpoint.mobilizemail.com,
checkpoint.operavalue.xyz,
checkpoint.ptlecture.in,
checkpoint.russlandia.ru,
checkpoint.relax.ru,
checkpoint.forumactif.org,
checkpoint.ytmnd.com,
checkpoint.pinger.pl,
checkpoint.softonic.com,
checkpoint.itmarkethub.com,
checkpoint.denisa.club,
checkpoint.lincolnelectric.com,
checkpoint.pnerudacomercio.es,
checkpoint.thefindlab.com,
checkpoint.palourde.com,
checkpoint.varsityhousegym.com,
checkpoint.trueinteraction.com,
checkpoint.pappert.de,
checkpoint.secure-decoration.com,
checkpoint.puzzleflow.com,
checkpoint.avaflight.com,
checkpoint.forumaqui.net,
checkpoint.differ.nl,
checkpoint.mosttalks2018.com,
checkpoint.motorit.se,
checkpoint.mtrcrossrail.co.uk,
checkpoint.theboardroom.com,
checkpoint.waikato.ac.nz,
checkpoint.wegmanelectric.com,
checkpoint.aporik.com,
checkpoint.brackets.host,
checkpoint.clb-berlin.de,
checkpoint.cmgma.org,
checkpoint.my3cx.ca,
checkpoint.alanoe.com,
checkpoint.wrdouglas.com,
checkpoint.asbis.sk,
checkpoint.podster.fm,
checkpoint.fanhow.com,
checkpoint.nur-ecommerce.it,
checkpoint.police.go.th,
checkpoint.ktsint.com,
checkpoint.thegamershangout.com,
checkpoint.teskry.fi,
checkpoint.benl.dev,
checkpoint.hashicorp.com,
checkpoint.debbieapp.com,
checkpoint.n7.ca,
checkpoint.selfaudit.ru,
checkpoint.aiapps.com.br,