domainName,
cicd.nobonex.com,
cicd.ppechile.org,
cicd.thejaysmith.com,
cicd.unistream.ru,
cicd.urban.com.au,
cicd.websketch.io,
cicd.neformat.com.ua,
cicd.chillicode.ru,
cicd.creatiefschrijven.be,
cicd.dcgo.me,
cicd.elt-poisk.com,
cicd.mmmlogic.com,
cicd.zaya.in,
cicd.riska.or.id,
cicd.loganto.org,
cicd.qxeqbkw.cn,
cicd.reconmvs.com,
cicd.dackus.it,
cicd.areuin.com,
cicd.brastagi.net,
cicd.homecontrol.no,
cicd.netrixbiz.com,
cicd.binario.cz,
cicd.christian-malouf.de,
cicd.midastouchgame.com,
cicd.shoptype.com,
cicd.squareops.xyz,
cicd.yottatechports.com,
cicd.komarevtsev.net,
cicd.creatix.sk,
cicd.sparro.ca,
cicd.pt-internal.com,
cicd.schoolholidayplanner.com,
cicd.womanizer.com,
cicd.dachentech.com.cn,
cicd.dpej.net,
cicd.jb-devcon.de,
cicd.langsweirdt.be,
cicd.ntd.pw,
cicd.wodcloud.com,
cicd.cms.gov,
cicd.d20v.com,
cicd.mugundhan.com,
cicd.kevk.website,
cicd.gllink.ch,
cicd.myjetteam.tn,
cicd.kmer.app,
cicd.wittemer.fr,
cicd.buzlink.org,
cicd.famcare.app,
cicd.tr069.ru,
cicd.eriksdigital.com,
cicd.vps413835.ovh,
cicd.serverlessworkshops.io,
cicd.ihgint.global,
cicd.telekom.hu,
cicd.prioritynap.net,
cicd.biznesport.com.pl,
cicd.alder-field.com,
cicd.appcomprasdavivienda.com,
cicd.demo24.se,
cicd.hpds.work,
cicd.integralzone.com,
cicd.itscovered.com,
cicd.mobiclixgroup.net,
cicd.noahmcgivern.com,
cicd.numeric.org.za,
cicd.rockdovesolutions.com,
cicd.vdbhatt.com,
cicd.whatismyfish.net,
cicd.wigwam3d.com,
cicd.wrrapido.co.uk,
cicd.stanusch.com,
cicd.alcad.si,
cicd.wrkspot.com,
cicd.schooly.id,
cicd.x1.com,
cicd.biobox.to,
cicd.ptkr.io,
cicd.yasna.team,
cicd.enciu.ro,
cicd.counselkit.com,
cicd.nisl.org,
cicd.foodszs.cn,
cicd.css.ch,
cicd.lab900.com,
cicd.physiqure.in,
cicd.msc-devops.com,
cicd.titans24.com,
cicd.dotdot.icu,
cicd.jproxx.com,
cicd.datenight.dating,
cicd.cyberbase.co.za,
cicd.debrain.cloud,
cicd.rabt.pl,
cicd.dpsystems.us,
cicd.hg11844.com,
cicd.k8s-utolica-net.site,
cicd.moiponebulksms.co.ls,
cicd.parmais.com.br,
cicd.skrepr.io,
cicd.softatnet.net,
cicd.teamster.cloud,
cicd.theinterlink.eu,
cicd.vsrm.net,
cicd.ancud.de,
cicd.bdlpnt.com,
cicd.gqlteam.com,
cicd.microoak.cn,
cicd.oramind.net,
cicd.charlie-bravo.be,
cicd.bezanimbiroon.ir,
cicd.pltn-devops.com,
cicd.naes.co,
cicd.spgchinaratings.cn,
cicd.publishinglab.com,
cicd.inblock.com,
cicd.herzog.network,
cicd.clearscore.io,
cicd.buckaroo.blue,
cicd.imixs.com,
cicd.evelyneadam.ch,
cicd.ijooz.com,
cicd.dockovpn.io,
cicd.cujo.io,
cicd.aftc.io,
cicd.therealbit.net,
cicd.mondeunix.com,
cicd.keyporttech.com,
cicd.rongcloud.net,
cicd.aisocial.tech,
cicd.00atz.cn,
cicd.freightmate.com,
cicd.danar.site,
cicd.devops-alumno01.com,
cicd.forestryhr.cn,
cicd.vuuhh.dev,
cicd.vuuhh.com,
cicd.microsoftstore.com.cn,
cicd.gset.pl,
cicd.talionar.com,
cicd.urbanpiper.com,
cicd.zgtest.club,
cicd.alibaba-inc.com,
cicd.align.click,
cicd.cliquer.ml,
cicd.lawgile.com.br,
cicd.leexam-ust-global.com,
cicd.smartdev.co,
cicd.trobatea.com,
cicd.ebtclouds.com,
cicd.intfas.se,
cicd.kdjhosting.com,
cicd.paxfamilia.com,
cicd.pgcloud.com,
cicd.all-inn1.com,
cicd.scottytechnologies.com,
cicd.providens.tech,
cicd.instavc.com,
cicd.xdev-cloud.com,
cicd.udtech.ga,
cicd.koryagin.com,
cicd.podiumcatchers.ca,
cicd.dss-happy.dev,
cicd.bobgaming.xyz,
cicd.storeking.in,
cicd.preteckt.us,
cicd.psychicbook.net,
cicd.uleveltc.com,
cicd.guruetc.la,
cicd.f14.at,
cicd.lamborghini.com,
cicd.blomart.net,
cicd.brightsolutions.de,
cicd.chrischipman.com,
cicd.crosswired.com,
cicd.ctl.party,
cicd.deszone.us,
cicd.funbettech.net,
cicd.sumusta.com,
cicd.u-r-server.club,
cicd.urbinternal.com,
cicd.voltlines.com,
cicd.zanibytes.be,
cicd.thefthing.com,
cicd.hereditas.in,
cicd.humpbackapp.com,
cicd.kauden.fr,
cicd.lantrasoft.com,
cicd.neticaweb.com,
cicd.privatesquare.in,
cicd.qlouder.io,
cicd.shepherd.one,
cicd.starman.ee,
cicd.ipsense.com.br,
cicd.nri-knt-develop.com,
cicd.moifleet.co.za,
cicd.ivldsp.in,
cicd.catchad.com.tw,
cicd.hatching.dev,
cicd.experto.sa,
cicd.ramonr.ch,
cicd.akulov.dev,
cicd.summitsync.com,
cicd.azliftr-test.io,
cicd.dracihnizdo.cz,
cicd.cabstartup.com,
cicd.cicdouala.com,
cicd.digitalcontrol.me,
cicd.donclick.de,
cicd.gatesfoundation.org,
cicd.googledemos.com,
cicd.halayalla.rocks,
cicd.interpreters.travel,
cicd.fabmodelismo.com,
cicd.leo.top,
cicd.mganz.cn,
cicd.full-stack-hackers.dev,
cicd.novobi.com,
cicd.opennetworks.com,
cicd.profittools.net,
cicd.solu.asia,
cicd.stopbreakingit.net,
cicd.treebo.be,
cicd.xtab.pro,
cicd.anoovaconsulting.biz,
cicd.astae.ch,
cicd.k8stesting.tk,
cicd.mielczarek.dev,
cicd.professiona.li,
cicd.kindaba.com,
cicd.raduangelescu.ovh,
cicd.jdplee.com,
cicd.increo.space,
cicd.cbussupertech.com.au,
cicd.alexandredieux.fr,
cicd.solvay.com,
cicd.heartlandcommerce.com,
cicd.educapps.cl,
cicd.kactech.fr,
cicd.aerosimple.com,
cicd.942.website,
cicd.slideforce.io,
cicd.woken.app,
cicd.anovium.com,
cicd.trulywpqa.tech,
cicd.pranaypatro.tech,
cicd.teisoftllc.com,
cicd.yaoshoulab.com,
cicd.taxicabcloud.com,
cicd.geko.dev,
cicd.aiqqtu.com,
cicd.mandaoweb.com,
cicd.bizzon.dev,
cicd.jeanlouismurphy.com,
cicd.traveltec.ch,
cicd.noelwapp.nl,
cicd.symphony.com,
cicd.ehive.cloud,
cicd.andynroses.me,
cicd.atplay.online,
cicd.coinoneid.com,
cicd.crm-c.com,
cicd.edu20.org,
cicd.etisalatlabs.ae,
cicd.fptu.tech,
cicd.meys.io,
cicd.micrometre.uk,
cicd.mitr.cloud,
cicd.openbravo.com,
cicd.powerhouse.nl,
cicd.roam.ci,
cicd.rujak.id,
cicd.squadchamp.com,
cicd.synology.me,
cicd.thsdevops.com,
cicd.zwdev.io,
cicd.laralabmedical.com,
cicd.matyudev.ru,
cicd.lynceus-leidos.com,
cicd.lionnix.net,
cicd.vf-development.com,
cicd.crosscut.club,
cicd.awdevel.cz,
cicd.rechenzentrum.xyz,
cicd.rga-test.net,
cicd.inevitable-waves.de,
cicd.authtech.dev,
cicd.phyzi.cn,
cicd.pfister.ch,
cicd.cloudgeni.us,
cicd.virathindu.in,
cicd.infogiants.com,
cicd.musicteachershelper.com,
cicd.hereditas.net.br,
cicd.wildcatapps.ovh,
cicd.maduma.org,
cicd.fatboar.com,
cicd.gs-ivalue.co.kr,
cicd.soluhq.com,
cicd.yolkatele.com,
cicd.carrybit.ch,
cicd.e1admin.com,
cicd.sedona.fr,
cicd.devfu.net,
cicd.workers.dev,
cicd.smarttourism.vn,
cicd.ycharmx.com,
cicd.ncrypto.net,
cicd.wealthface.ca,
cicd.ionica.eu,
cicd.brightmachines.com,
cicd.dunice-testing.com,
cicd.fortbi.com,
cicd.werstez.ru,
cicd.dark-link.info,
cicd.liparbar.com,
cicd.grandcityproperty.de,
cicd.dissidentstudio.dev,
cicd.dorfjungs.io,
cicd.prohandlertechnology.com,
cicd.sta.im,
cicd.devaof.com,
cicd.dochq.co.uk,
cicd.unisports.kg,
cicd.spainip.es,
cicd.hg66444.com,
cicd.dgz.cloud,
cicd.elibaird.com,
cicd.epicdev.co.za,
cicd.instar.de,
cicd.pnjwatch.org,
cicd.zhongchebaolian.com,
cicd.apiture-comm-nonprod.com,
cicd.bravobtc.com,
cicd.bsfinternational.org,
cicd.legisme.com,
cicd.myhub.dev,
cicd.gpbeco.tech,
cicd.imco.io,
cicd.owkin.it,
cicd.jtc.ooo,
cicd.kexueshengyin.com,
cicd.labadapp.com,
cicd.remeli.com.br,
cicd.warnold.dev,
cicd.x0a.ru,
cicd.autotunego.com,
cicd.soptai.sg,
cicd.uk.com,
cicd.akbardhany.com,
cicd.grzesjam.ga,
cicd.stemford.org,
cicd.panien.net,
cicd.generallogic.tech,
cicd.manuelrecena.com,
cicd.ekk.digital,
cicd.drouiz.com,
cicd.schaer.cam,
cicd.new-gravity.eu,
cicd.nigelvanhattum.nl,
cicd.timeff.com,
cicd.board.pe,
cicd.jurni.travel,
cicd.pxps.cc,
cicd.tutorprolms.co.uk,
cicd.liveizy.com,
cicd.gagicrc.net,
cicd.archdevel.com,
cicd.benrevo.com,
cicd.construtordevendas.com.br,
cicd.containerfort.com,
cicd.dotocean.eu,
cicd.fas-bee.com,
cicd.krisk.dk,
cicd.liveonhub.com,
cicd.marketwhale.io,
cicd.memoryoverrun.com,
cicd.ocraas.com,
cicd.prof1t.net,
cicd.sletat.ru,
cicd.thoughtworks.io,
cicd.vitinitiative.com,
cicd.wayne.io,
cicd.xfero.io,
cicd.rushdigital.xyz,
cicd.steele-forge.com,
cicd.modoo.at,
cicd.uni-siegen.de,
cicd.bengtssondd.it,
cicd.krauterdevs.com,
cicd.homatechsinc.info,
cicd.tendant.com,
cicd.lead-man.ru,
cicd.seblab.be,
cicd.hivetech.hr,
cicd.frai.dev,
cicd.blockwerx.com,
cicd.xedi.com,
cicd.digitalsom.net,
cicd.cloudnextgen.net,
cicd.itewimmer.de,
cicd.dlid.se,
cicd.diabetyk24.pl,
cicd.antisocializer.org,
cicd.garonz.com,
cicd.cartrek.online,
cicd.antarcticaglobal.com,
cicd.openeva.ru,
cicd.zadapps.info,
cicd.unshuttered.org,
cicd.knowcloud.net,
cicd.bidbattle.tn,
cicd.aeontechnics.com,
cicd.huixing.tech,
cicd.dismos.info,
cicd.epinest.fr,
cicd.clubofficine.fr,
cicd.linxea.com,
cicd.worldomkar.com,
cicd.geolance.com,
cicd.360imprimir.com,
cicd.almeta.io,
cicd.bezzky.sk,
cicd.brightlight-consulting.com,
cicd.enthusiastsfirst.com,
cicd.fptgiocloud.net,
cicd.hg69111.com,
cicd.it-vzc.com,
cicd.madhav-tech.com,
cicd.seyte.com,
cicd.sublimeiq.com,
cicd.u-nap.id,
cicd.woth16.icu,
cicd.yantriks.in,
cicd.inquest.tech,
cicd.covalience.com,
cicd.derobertson.dev,
cicd.ebe-solutions.eu,
cicd.terragonbase.com,
cicd.meecoe.com,
cicd.naturali.io,
cicd.vimp.com,
cicd.thrive.com.bd,
cicd.hepner.pl,
cicd.lgirdk.com,
cicd.zapos.io,
cicd.hzwtech.com,
cicd.jiajiakang.net,
cicd.letsfunds.loan,
cicd.t-dev.dev,
cicd.menondemo.us,
cicd.lge.co.kr,
cicd.aedo.nl,
cicd.atrucks.su,
cicd.baby2body.com,
cicd.bitflint.io,
cicd.cc-dev.in,
cicd.enzymeadvisinggroup.com,
cicd.firehag.ru,
cicd.heart.org,
cicd.henkelhiedl.com,
cicd.hopto.org,
cicd.kcdn.ir,
cicd.khvorov.life,
cicd.limodev.com,
cicd.netvalor.hu,
cicd.oam.cool,
cicd.pintlah.com,
cicd.rocketmedia.ch,
cicd.thecoding.co,
cicd.tokeninc.com,
cicd.th3-corp.dev,
cicd.clientdigital.io,
cicd.ncpl.cloud,
cicd.zimocode.com,
cicd.connectholland.nl,
cicd.axxelia.com,
cicd.reflex.to,
cicd.anthropos.io,
cicd.seacretdirect.kr,
cicd.sop1ay.com,
cicd.amela.vn,
cicd.intigral-i6.net,
cicd.exam105.com,
cicd.jayjay1989be.tech,
cicd.shelter-ent.app,
cicd.astorez.net,
cicd.sunday.de,
cicd.fluenceenergy.com,
cicd.doroob.sa,
cicd.aqarz.sa,
cicd.hangyanshe.com,
cicd.pleaseignore.com,
cicd.openscript.cloud,
cicd.onalabs.org,
cicd.opexanalytics.com,
cicd.trungnguyenv.dev,
cicd.vdthe.com,
cicd.gosaq.top,
cicd.saturam.com,
cicd.vanlav.tech,
cicd.admaren.org,
cicd.ardem.world,
cicd.babysitinde.live,
cicd.cccseu.com,
cicd.coreinitiative.id,
cicd.doubletsoftware.com,
cicd.kl.wtf,
cicd.masteroapp.com,
cicd.maxit.ca,
cicd.oyihost.com,
cicd.pnjwatch.com.vn,
cicd.pnpsofy.com,
cicd.quantifiedag.com,
cicd.renault-digital.com,
cicd.slyther.de,
cicd.thinklabsdev.com,
cicd.novaquark.com,
cicd.robin-it.com,
cicd.npci.org.in,
cicd.w8kk.com,
cicd.matmil.eu,
cicd.collibra.dev,
cicd.cefis.com.br,
cicd.krishitrade.com,
cicd.thinkinglab.co,
cicd.davideperozzi.com,
cicd.macedoniacogic.life,
cicd.qcerris.com,
cicd.filsinger-informatik.de,
cicd.primexconnect.com,
cicd.gilab.rs,
cicd.area52.io,
cicd.cpchain.io,
cicd.lakecomoschool.org,
cicd.pf9.us,
cicd.cloudgenius.app,
cicd.bensonhill.com,
cicd.jevontech.com,
cicd.compasity-cloud.nl,
cicd.dalet.cloud,
cicd.fjnr.ca,
cicd.halobro.co,
cicd.untrobotics.com,
cicd.archiviciel.net,
cicd.blogutem.cl,
cicd.braaksma.online,
cicd.cerebrum.com.au,
cicd.changenow.io,
cicd.finderapp.co,
cicd.gobbogames.co.za,
cicd.jameswaweru.com,
cicd.justice.nsw.gov.au,
cicd.kloudcover.com,
cicd.log-ridwan.xyz,
cicd.luminartech.com,
cicd.pick-up.group,
cicd.tuneit.me,
cicd.wellframe.com,
cicd.omnistan.com,
cicd.corra.com,
cicd.sparklet-soft.com,
cicd.safeties.de,
cicd.mylectra.com,
cicd.hvd.onl,
cicd.blackboiler.com,
cicd.atlantix-group.com,
cicd.agnosticmedia.org,
cicd.mtlti.com,
cicd.korra.co.in,
cicd.yyvcrbvk.cn,
cicd.cardsmobile.ru,
cicd.ai4eu-dev.eu,
cicd.asdag.org,
cicd.remapweb.com,
cicd.techster.tech,
cicd.chrobinson.com,
cicd.kabelsalat.ch,
cicd.captain-ci.com,
cicd.infosapex.com,
cicd.zackgomez.com,
cicd.fps-data.com,
cicd.customer.io,
cicd.3dnetprint.com,
cicd.conectapp.mx,
cicd.gulla.xyz,
cicd.honeymorning.com,
cicd.matrixmediasd.com,
cicd.restator.com,
cicd.veamly.io,
cicd.aaxisdev.com,
cicd.asiayo.com,
cicd.codezippy.in,
cicd.erakee.pw,
cicd.ixqus.com,
cicd.laolees.top,
cicd.marco.so,
cicd.thejonsey.com,
cicd.vi2e.io,
cicd.wegroup.io,
cicd.550famila.club,
cicd.askott.fr,
cicd.adpcprojects.com,
cicd.dragonflyai.co,
cicd.intouchgroup.net,
cicd.executable.it,
cicd.hydra-it.dk,
cicd.socklab.moe,
cicd.talent-funnel.com,
cicd.cgsdev.com,
cicd.synciosystems.com,
cicd.caleedo.xyz,
cicd.axxalon.net,
cicd.ordermysaddle.com,
cicd.ryanbolyard.com,
cicd.roymartinez.dev,
cicd.fundamentalmedia.com,
cicd.subecuba.com,
cicd.sportly.io,
cicd.distillery.com,
cicd.nfsmith.ca,
cicd.innovacall.net,
cicd.firstoff.ch,
cicd.olisto.com,
cicd.cloud-interactive.com,
cicd.azureinlet.com,
cicd.medullaris.com,
cicd.appmodule.net,
cicd.fccrmdev.com,
cicd.netops.me,
cicd.up2boat.net,
cicd.conxtor.com,
cicd.im.vc,
cicd.medsblalabs.com,
cicd.allvisual.ch,
cicd.a-c.ms,
cicd.aaxon.io,
cicd.agilius.co,
cicd.businessgrowtheliteinc.com,
cicd.ggdx.co.uk,
cicd.hardin.io,
cicd.mem-aws.com,
cicd.mobiclixgroup.com,
cicd.ncplinc.org,
cicd.noswings.com,
cicd.oseose.com,
cicd.pixflow.net,
cicd.safetynotes.net,
cicd.saicinnovationfactory.com,
cicd.shop-type.com,
cicd.zebra.engineering,
cicd.mpgokul.tk,
cicd.backgammongalaxy.com,
cicd.aceso.no,
cicd.ekkam.in,
cicd.cmylab.io,
cicd.jcamp.net,
cicd.jtdev.org,
cicd.lionnix.com,
cicd.yiyi.be,
cicd.intive.org,
cicd.neotas.uk,
cicd.velagames.net,
cicd.mttk.net,
cicd.pengsiqi.com,
cicd.tltid.com,
cicd.porruk.online,
cicd.dev-linexos.fr,
cicd.securelyshare.com,
cicd.codesmarter.de,
cicd.assetbook.eu,
cicd.mwt.tw,
cicd.fayacode.com,
cicd.wkfteam.ru,
cicd.rtnest.org,
cicd.9ka.nl,
cicd.carimbei.com,
cicd.cloudapp.pw,
cicd.codealpha.ninja,
cicd.completelyabsorbed.com,
cicd.counect.com,
cicd.crossbow.de,
cicd.dehaze.io,
cicd.eqap.io,
cicd.hseduyun.net,
cicd.inadev.net,
cicd.kadryjutra.pl,
cicd.kkrewind.io,
cicd.mlytics.co,
cicd.ofentrend.de,
cicd.rain.fr,
cicd.systemlab.info,
cicd.terasp.net,
cicd.apptium.com,
cicd.morningstarhealthonline.com,
cicd.thegulu.net,
cicd.4choice.com,
cicd.greatdevelopers.com,
cicd.lilirun.be,
cicd.amberconnect.com,
cicd.gccservice.in,
cicd.studyly.com,
cicd.xgpdqyp.cn,
cicd.ulearn-ai.com,
cicd.zachwolf.com,
cicd.wigroup.rocks,
cicd.twisdev.com,
cicd.jesinger.net,
cicd.yolovirtual.com,
cicd.gagicrc.com,
cicd.elitesln.com,
cicd.geomatick.com,
cicd.ceptinel.com,
cicd.livreuros.com,
cicd.i-we.me,
cicd.tec.pet,
cicd.slotcatalog.com,
cicd.fortestingonly.info,
cicd.itshere.com,
cicd.fanar.tech,
cicd.xthinker.de,
cicd.sellics.cloud,
cicd.skyward.cloud,
cicd.dotorg.dev,
cicd.jore.in,
cicd.afrinet.co.ls,
cicd.agentsquared.com,
cicd.bitneuron.com,
cicd.deliver.foundation,
cicd.leocode.top,
cicd.m-innos.com,
cicd.mareana.com,
cicd.msdev-storage.com,
cicd.randyburrell.info,
cicd.sunzhongmou.com,
cicd.vook.io,
cicd.yourvone.com,
cicd.buscaplan.com,
cicd.pauwelslabs.com,
cicd.ccf.org,
cicd.jellybellydev.it,
cicd.clevylinks.com,
cicd.dixtior.com,
cicd.seaspandev.com,
cicd.fwehling.de,
cicd.mazel.biz,
cicd.intent-solutions.com,
cicd.almamedia.tech,
cicd.ugocottin.fr,
cicd.exathought.com,
cicd.morenoamor.com,
cicd.ogenie.app,
cicd.starburst-galaxy.net,
cicd.nextbillion.io,
cicd.illar.io,
cicd.gravis.de,
cicd.kiho.fi,
cicd.dockland.digital,
cicd.hjgpscm.com,
cicd.thecenterforsalesstrategy.com,
cicd.dle.dev,
cicd.aswa.am,
cicd.btower.net,
cicd.itweso.at,
cicd.openagent.com.au,
cicd.samknows.com,
cicd.securesystem.net,
cicd.sparrow-bi.com,
cicd.vicoop.com,
cicd.fplat.io,
cicd.gocloudpassage.com,
cicd.masato.business,
cicd.bithive.space,
cicd.outoonline.com,
cicd.kai9651.loan,
cicd.boku.com,
cicd.sophie.is,
cicd.tpad.xyz,
cicd.arlocloud.com,
cicd.agid.gov.it,
cicd.yogasolo.app,
cicd.server247.info,
cicd.mattiasasplund.se,
cicd.voxvalue.com,
cicd.straffin.net,
cicd.ironsrc.net,
cicd.keysolv.co,
cicd.mbulbep.cn,
cicd.doghero.com.br,
cicd.philosloth.tech,
cicd.trench-services.de,
cicd.developteam.net,
cicd.intive.net,
cicd.skan-dev.io,
cicd.ddns.net,
cicd.greatwestlifedigital.com,
cicd.podiumcatchers.com,
cicd.runcible.io,
cicd.aisera.cloud,
cicd.ench.cn,
cicd.kweb.ro,
cicd.metalsounds.fr,
cicd.a.ki,
cicd.iliaf.net,
cicd.davidgarcia.online,
cicd.eyecareprime.com,
cicd.msheriff.com,
cicd.ugo-wallet.com,
cicd.sngeo.com,
cicd.jedarden.com,
cicd.vobla.pro,
cicd.myds.me,