domainName,
emc.customercarenet.com,
emc.bitember.com,
emc.netdefence.com.cn,
emc.lks49.cn,
emc.meizhoufangdai.com,
emc.1waku2.com,
emc.qrserv.com,
emc.nmaang.com,
emc.xianningbuluo.com.cn,
emc.ngsp.gov.vn,
emc.qwxny.net,
emc.oe1toa.com,
emc.dnp.jp,
emc.mtogeo.icu,
emc.26cgcaipiao.cn,
emc.bcxbkx.gq,
emc.com.na,
emc.bds.space,
emc.khtzqjuy.cn,
emc.suvesuve.com,
emc.drkwf.de,
emc.fuerzas-armadas.mil.ar,
emc.gametools.tk,
emc.glodev.co.uk,
emc.interchanges.io,
emc.line-a.jp,
emc.microsoftpremier.com,
emc.mumsadvices.com,
emc.scroview.eu,
emc.ssbet025.cn,
emc.tukanglaptop.com,
emc.yahi99.com,
emc.araraquara.com,
emc.2n7lzihp.cn,
emc.782143582.cn,
emc.049w.cn,
emc.2164282.com,
emc.3cx.ch,
emc.5xinai.icu,
emc.asha-distribution.com,
emc.bonpreu.cat,
emc.chajirensheng.com,
emc.drk-kv-rz.de,
emc.dudesavage.com,
emc.enst.fr,
emc.millenniumbcp.net,
emc.my3cx.ru,
emc.redirectme.net,
emc.s3ltd.tech,
emc.shsmzl.net,
emc.tarinfo.com,
emc.baidu.com,
emc.centercode.com,
emc.clb-berlin.de,
emc.ovckrqy.cn,
emc.wei.com,
emc.mieshi208.xyz,
emc.castanhos.com,
emc.toprudder.com,
emc.tix.com,
emc.vedsol.in,
emc.it-online.co.za,
emc.mjwpbboa.xyz,
emc.oyuswkxhj.cn,
emc.jhzizeh.com.cn,
emc.fjcpzzul.cn,
emc.flyhcdl.cn,
emc.bitmoneynetwork.site,
emc.coin-payment.site,
emc.nextnewsdaily.com,
emc.mntlog.com,
emc.bddjcfz.com.cn,
emc.uk.net,
emc.xpfpjjv.cn,
emc.jagsngrh.cn,
emc.p2npbhwc.cn,
emc.bravoedu.ru,
emc.ramtej.com,
emc.thinkereviews.online,
emc.interpracsys.com,
emc.templin-it.net,
emc.careerfish.com,
emc.xzpcwta.cn,
emc.icta.lk,
emc.mednet.solutions,
emc.cmsis.ro,
emc.oamr.ro,
emc.izbor.ba,
emc.greenhatmktg.com.au,
emc.hicapp.nl,
emc.hackday.ru,
emc.jianzhuxx.com,
emc.careershere.com,
emc.itechavengers.com,
emc.careeralerts.com,
emc.oyaknk.ga,
emc.3qtsp4.pw,
emc.caibazuan.cn,
emc.site-solocal.com,
emc.rkqkamc.com.cn,
emc.vxahifg.cn,
emc.sili.com.br,
emc.frenchriviera.life,
emc.1040.casa,
emc.bxfpmah.cn,
emc.btrmz.com,
emc.streamingkita.com,
emc.mp3indir.fun,
emc.ma8gk4.cn,
emc.ftp.sh,
emc.autosnap.io,
emc.debogota.org,
emc.jxypt.cn,
emc.pilerats.com,
emc.ecomataexpeditions.com,
emc.foxtrotbravo.org.uk,
emc.volkssolidaritaet.de,
emc.mymsme.com,
emc.persoft.org,
emc.rbmpc.cn,
emc.swe-me.com,
emc.webmascot.com.au,
emc.wpengine.com,
emc.88yulechengg.com,
emc.fantibig5.com,
emc.hdhat1.com,
emc.041c.cn,
emc.420fts.net,
emc.9web.com.cn,
emc.airfre.com,
emc.cirrusabssirvasubdomain.com,
emc.sumy.info,
emc.theciosolutions.com,
emc.ds-demo.co.uk,
emc.uppercoder.com,
emc.kondakov.net,
emc.kyoceradocumentsolutions.de,
emc.valleybaptist.org,
emc.voicemktg.com,
emc.gdcnetworks.eu,
emc.tokenview.com,
emc.coj.go.th,
emc.checkcai.cn,
emc.xiaosecai.xyz,
emc.yaburi.net,
emc.de-manual.com,
emc.wztydj.com,
emc.de-manuals.com,
emc.guildwork.com,
emc.pcihz.com,
emc.howdohowto.com,
emc.rotering-net.de,
emc.kir.jp,
emc.srikanthcj.com,
emc.vayhub.us,
emc.simplintho.com,
emc.itsos.ar,
emc.nnvblrbn.cn,
emc.tech.blog,
emc.field2.com,
emc.enetzeh.cn,
emc.iqqmmly.cn,
emc.ecac.ca,
emc.de.cool,
emc.cmdcluj.ro,
emc.unulab.com,
emc.worthprods.com,
emc.endeavorops.com,
emc.smartsolution.com.pk,
emc.wbyqq.cn,
emc.parspa.ir,
emc.cioreview.com,
emc.cmjtjqe.cn,
emc.currencyrate.today,
emc.asim-emc.com,
emc.asb-rv-vg.de,
emc.csidc.in,
emc.cryptopool.farm,
emc.bj-mlrs.com,
emc.bluelevel.co.uk,
emc.cm-cic.com,
emc.cp00443.com,
emc.emcguyana.com,
emc.jk7800.com,
emc.kaifa6.com,
emc.nnutc.edu.cn,
emc.polishplanes.com,
emc.yena.com.mx,
emc.austlii.edu.au,
emc.bcbl.eu,
emc.ivyanc.com,
emc.jjwbk.com,
emc.justdogdayz.com,
emc.leankings.nl,
emc.oomasd.co.za,
emc.wozzs.com,
emc.z6zf.cn,
emc.closingstream.com,
emc.bakeroad.com,
emc.bankinga.org,
emc.devdom.uk,
emc.snyneuro.com,
emc.w3hr.cn,
emc.yrsdgzg.com,
emc.lv9.org,
emc.szu.edu.cn,
emc.bifim.com,
emc.findfc2.com,
emc.izmatikproductions.com,
emc.5gdev.uk,
emc.ru.com,
emc.xctksb.cn,
emc.teguciwhat.com,
emc.jnxy.edu.cn,
emc.drcheldavi.ir,
emc.jp17.com,
emc.adahome.cn,
emc.news348.xyz,
emc.zengril.com,
emc.fkuii.org,
emc.geonetwork.es,
emc.wpwwvlp.ga,
emc.jdhallows.com,
emc.justarius.de,
emc.esp-manuals.com,
emc.epfl.ch,
emc.nmmu.ac.za,
emc.ytmnd.com,
emc.euclidmanagers.com,
emc.mlblogs.com,
emc.ebhcai.cn,
emc.jsol.co.jp,
emc.520830.net,
emc.kiloee.fun,
emc.eamkelardasht.org,
emc.cryptotraderblog.fun,
emc.ngfpjmh.cn,
emc.itexperts.be,
emc.wingee-ci.co,
emc.zhhfwkkz.cn,
emc.jxwhaew.cn,
emc.damarkco.com,
emc.bitcoin-protect.site,
emc.bigbrothersbigsistersofcolorado.site,
emc.iiegqa.icu,
emc.gfnrpqvz.cn,
emc.technicchan.ac.th,
emc.plateforme-courtier.com,
emc.alppilanautohuolto.fi,
emc.triviahive.com,
emc.accbeta.com,
emc.touch-tunisia.com,
emc.ziimp.com,
emc.simplylela.com,
emc.directyule.cn,
emc.enricomc.com,
emc.hanneken.dev,
emc.liangzhiyin.com,
emc.gyfgxezb.xyz,
emc.ysipxbex.xyz,
emc.iapps4you.com,
emc.juhua475477.cn,
emc.ramgos.com,
emc.international-ebook.net,
emc.leshanwanggou.com,
emc.digitalgesture.com,
emc.v80.team,
emc.plingit.co.uk,
emc.dqsafety.cn,
emc.olitecinfo.com.br,
emc.sen-services.com,
emc.nextcareer.com,
emc.sterilize.us,
emc.typepad.com,
emc.edumart.com,
emc.syr.edu,
emc.6evo35.xyz,
emc.zbip.com.cn,
emc.tufycgr.com.cn,
emc.serie-streaming.uno,
emc.liagvib.cn,
emc.fjhmkfd.cn,
emc.nj5fc0mc.cn,
emc.z7nsiegn.cn,
emc.safari.casa,
emc.wadaw.fun,
emc.altcoin-wallet.online,
emc.bitcash-money.site,
emc.ewarn.club,
emc.cp00553.com,
emc.cyy119.com,
emc.hz-webdesign.org,
emc.qjchemical.com,
emc.scarabe.biz,
emc.sqainfo.net,
emc.wimediaevents.com,
emc.xiaomitao.com,
emc.btm.or.at,
emc.dfgdfga.cn,
emc.kyoceramita.de,
emc.lyoking.com,
emc.projectsonline.nl,
emc.suzyq-records.de,
emc.zhichuangtuyizhijiatexiao.com,
emc.zhouhongqiao.com,
emc.bluewave.co.id,
emc.helpspot.com,
emc.sourcegroup.biz,
emc.youandus.es,
emc.zhaojh8.cn,
emc.14699894.cn,
emc.aanhetbouwen.nl,
emc.fieldfurnitures.com,
emc.ifisol.com,
emc.malsten.com,
emc.be-tse.de,
emc.interchang.es,
emc.haoamq.com,
emc.wirbi.net,
emc.jomlaa.net,
emc.huangguansc.com,
emc.sf888.net,
emc.nikeexp.com,
emc.premiurchampagnes.com,
emc.sxgis.cn,
emc.dgfxhg.com,
emc.biodigitalvalley.com,
emc.musicas.mus.br,
emc.purseb2c.com,
emc.extensionfile.net,
emc.lyrics.com.br,
emc.maakjestart.nl,
emc.bitmoneytransactions.site,
emc.3cx.co.nz,
emc.dproject.xyz,
emc.moph.go.th,
emc.noqmtqo.cn,
emc.myautosparkle.com,
emc.gepvcdr.cn,
emc.terrafirma.ba,
emc.gadget-lab.net,
emc.div-it.com.ar,
emc.ericssonlg-enterprise.com,
emc.yhuptcuq.cn,
emc.aaxwj.com,
emc.lx199.com.cn,
emc.mil.cl,
emc.noppa.net,
emc.makkul.com,
emc.emilymeganphotography.com,
emc.ui.edu.ng,
emc.cdutetc.cn,
emc.ufsc.br,
emc.232sbc.com,
emc.careerkayak.com,
emc.74684244.cn,
emc.bilalpha.com,
emc.ft4w.cn,
emc.hiphopfz.com,
emc.ise.com.pk,
emc.klarekoepfe.de,
emc.managbuilding.com,
emc.maurom.dev,
emc.nestprogen.com,
emc.r9958l.cn,
emc.syxpcnr.cn,
emc.tehnichost.biz,
emc.xposoft.co.za,
emc.yaoshihe.cn,
emc.zacr8.com,
emc.zhtzq.cn,
emc.zy126.cn,
emc.goradesignstudio.com,
emc.home.pl,
emc.itllc.net,
emc.maroc360.info,
emc.pin-ag.de,
emc.seozjf.com,
emc.sevdz.ru,
emc.desarrollowp.info,
emc.046k.cn,
emc.caipiaohui2020.cn,
emc.bosemzi.com,
emc.saxon.hu,
emc.bluebeast.co,
emc.aspire-communications.com,
emc.dr-coffee.online,
emc.employmentpoint.com,
emc.metalpatterns.com,
emc.fsggs.com,
emc.epool.io,
emc.gratwohl.com,
emc.aviushub.com,
emc.nemaug.org,
emc.abbled.com,
emc.e-nanopro.com,
emc.aoclbz.cn,
emc.hereford.sch.uk,
emc.ubm-info.com,
emc.10cek.ru,
emc.trrrcarq.cn,
emc.lmboem8w.cn,
emc.coinforum.site,
emc.hvejcqd.cn,
emc.bitcash-es.site,
emc.coines.site,
emc.aduoejz.cn,
emc.stiprussprendimai.lt,
emc.sebbens.com,
emc.henrik-evers.de,
emc.gaf.de,
emc.partcommunity.com,
emc.kleinesteige.de,
emc.zendesk.com,
emc.managebuilding.com,
emc.68c60w.cn,
emc.decibelslab.com,
emc.nlkkydq.com.cn,
emc.4a8kgo.cn,
emc.meteorologia.gov.py,
emc.solworx.co.uk,
emc.orbitbenefits.com,
emc.slaughterhanson.com,
emc.oljuxn.gq,
emc.dogus.edu.tr,
emc.fortline.org,
emc.liqiu.info,
emc.a917.top,
emc.ino9.net,
emc.certificationlinks.com,
emc.heluolin.com,
emc.mercedes-benz.com,
emc.nsd.pw,
emc.zctsr.com,
emc.amazingdiscoveriez.com,
emc.2007tx.com,
emc.613sunbetcom.cn,
emc.fiit.biz,
emc.72dbcaipiao.cn,
emc.boxtal.org,
emc.kd958.com,
emc.laorenshop.cn,
emc.mdheater.com,
emc.files.tv,
emc.mee.co.jp,
emc.intersurf.net,
emc.jf355.com,
emc.mpei.ac.ru,
emc.elama.info,
emc.77zero.com,
emc.aishuailn.cn,
emc.3cx.ae,
emc.coinjon.com,
emc.solpie.net,
emc.szkolenieonline.com.pl,
emc.testeq.com,
emc.tjzbg.cn,
emc.ntzqq.cn,
emc.polsl.pl,
emc.studio8k.com,
emc.ufg.br,
emc.wuwangwo.cc,
emc.intracom.gr,
emc.swaccessfloors.com,
emc.caiicon.cn,
emc.s590.com.cn,
emc.wyattphoto.com,
emc.olx.pl,
emc.openthc.org,
emc.eljas.net,
emc.palloni.net,
emc.sharewarecentral.com,
emc.psyfil.net,
emc.af0yu246.cn,
emc.menaraumrohhaji.com,
emc.top25s.com,
emc.xiyun.net,
emc.95cxcaipiao.cn,
emc.ychighway.com,
emc.tjdaqiaohancai.com,
emc.cmp.org.pe,
emc.amecok.cn,
emc.ticketspi.com,
emc.z9dvi4.pw,
emc.moonfruit.com,
emc.os2rdrmk.cn,
emc.caizhucewwx.cn,
emc.5cklkyh4.cn,
emc.dsss18.com,
emc.anroze.com,
emc.wpy1y5cf.cn,
emc.tyu9zyir.cn,
emc.zabor-v-moskve.ru,
emc.4ey00w.cn,
emc.gz2bqdbd.cn,
emc.fumqzrd.cn,
emc.bitmoneybusinesses.site,
emc.coin-protect.site,
emc.bitcoin-money.site,
emc.hdwon.cam,
emc.mhhukxm9.cn,
emc.qwdpxby3.cn,
emc.gabi.uno,
emc.dorsal.solutions,
emc.talentojobs.com,
emc.my3cx.it,
emc.anjulima.com,
emc.cmich.edu,
emc.oamr-bacau.ro,
emc.mydesignwin.com,
emc.magnet.today,
emc.ac-lille.fr,
emc.graphem-dev.com,
emc.redmind.info,
emc.mnm.hr,
emc.jobalerter.com,
emc.wullo.com,
emc.julienremy.org,
emc.indorc.com,
emc.canberracityuca.org.au,
emc.careermatchers.com,
emc.trainingcampplatform.com,
emc.udvusa.com,
emc.hrkbqk.com.cn,
emc.bountyplatform.io,
emc.pndnarn.cn,
emc.www97sesecomu.cn,
emc.llkfoo2e.cn,
emc.xgdrceg.cn,
emc.nostaljininsesi.online,
emc.5jl2xz.cn,
emc.bitmoneyforum.site,
emc.bitcoin-transactions.site,
emc.leadfactory.com,
emc.7ah9gd.cn,
emc.140dqn.cn,
emc.yuo.cam,
emc.u0a403nr.cn,
emc.allianz-suisse.ch,
emc.ana.co.jp,
emc.celcom.com.my,
emc.e-wuliu.com,
emc.eichler-gmbh.de,
emc.emc.com.tw,
emc.entum.jp,
emc.idotg.com,
emc.murad-ahmedov.ru,
emc.mwyjnot.cn,
emc.onlagu.com,
emc.pby455.icu,
emc.phicus.ru,
emc.qb0108fa.cn,
emc.sookuu.com,
emc.supermusic.org,
emc.wfrnu6805.com,
emc.woodmoorgroup.com,
emc.xvrrx.cn,
emc.sndqgg.com,
emc.058t.cn,
emc.bzaai.cn,
emc.dsjtzzxmt.com,
emc.girjet.com,
emc.holcimmexico.com,
emc.huayuanyi.com,
emc.msblog.cn,
emc.phila.cn,
emc.sanjiangyuan.org.cn,
emc.zhuhaihaiyi.com,
emc.falvcai.cn,
emc.flowcai.cn,
emc.5bmcaipiao.cn,
emc.ft369.net,
emc.fnrmzp.top,
emc.xoo.it,
emc.concordiar.com,
emc.es-manual.com,
emc.seesaa.net,
emc.wprsolutions.com,
emc.yye33.com,
emc.virginietalavera.com,
emc.crownhotelnaga.com,
emc.u-style.cc,
emc.jobright.com,
emc.fr-manual.com,
emc.discoverthecash.com,
emc.132xx.cn,
emc.bgoinfosa.cn,
emc.zzttc.cn,
emc.inznqfhl.xyz,
emc.ksks.co.jp,
emc.fullfotos.com.ar,
emc.alcatrazsoftware.com,
emc.course-finder.eu,
emc.force.com,
emc.genotec.ch,
emc.gmlvaz.gq,
emc.hjzhntv.cn,
emc.phoenix.co.id,
emc.bhinnonews.com,
emc.52bbcaipiao.cn,
emc.buckeyehealthplan.mobi,
emc.recommendedjobs.com,
emc.gfmcloud.at,
emc.fbslandscapes.co.uk,
emc.3cx.us,
emc.demos.nl,
emc.acidadeon.com,
emc.pallmsz.com.cn,
emc.eufar.net,
emc.leavingstone.club,
emc.lsjmio.com.cn,
emc.riseba.lv,
emc.deaddogstudios.com,
emc.futa.edu.ng,
emc.domnian.com,
emc.legko-mis.ru,
emc.projekt.zone,
emc.findyourcareer.com,
emc.epnxmn.icu,
emc.jzsjnw.cn,
emc.jomjv.online,
emc.forctr.com,
emc.kripo.net,
emc.wwwlb.net,
emc.gktbh.tw,
emc.alphawest.com.au,
emc.fota16.com,
emc.growingupingrace.com,
emc.gwmcmk.cn,
emc.uggnewshoes.com,
emc.wcu.edu,
emc.whdffk.com,
emc.wicssoft.com,
emc.yijiafoods.com,
emc.bciuzes.fr,
emc.psbau.de,
emc.redkab.com,
emc.softether.net,
emc.tptechsolutions.com,
emc.usamobile.cn,
emc.yjrnz.com,
emc.bms.systems,
emc.e-day.info,
emc.edificom.ch,
emc.startnowmakingmoneyonline.com,
emc.webshopcreator.hu,
emc.icscreative.com,
emc.mops2.co.uk,
emc.childrensplaykitchen.com,
emc.gamio.se,
emc.jjboli.cn,
emc.sogoth.net,
emc.ytjinwo.com,
emc.feybxfx.ga,
emc.31dvcaipiao.cn,
emc.nnby9t.pw,
emc.xiaouozchu.wang,
emc.careeralerter.com,
emc.gzb1976.net,
emc.smugmug.com,
emc.sanliangfan.com,
emc.mikkeyhalsted.com,
emc.82602.org.cn,
emc.summummedica.com.mx,
emc.buy-umbrellas.com,
emc.hostedmoodle.nl,
emc.mayko.com,
emc.fellig.org,
emc.vcenter.ir,
emc.evgeniy-webmaster.pro,
emc.kompetisi.net,
emc.hong70.cn,
emc.atvli.com,
emc.42bicaipiao.cn,
emc.hala8231.cn,
emc.067098.cn,
emc.xlr8r.cc,
emc.xpjqrhh.cn,
emc.cfeef.com,
emc.ywqja.com,
emc.hrjqkavq.xyz,
emc.prfrtwc.cn,
emc.ketchlabs.com,
emc.dcig.com,
emc.missouri.edu,
emc.mobiringtones.fun,
emc.a44qq0.cn,
emc.ypyeaojn.cn,
emc.bitcashtransactions.site,
emc.tradingtransactions.site,
emc.sq82q4.cn,
emc.enxrskw.cn,
emc.zecwpzs.cn,
emc.aspire-campus.com,
emc.hanhuasoft.com,
emc.worldnewsdelivered.com,
emc.frost.com,
emc.jr1.ca,
emc.amada.co.uk,
emc.greysonclothiers.com,
emc.alyce.fr,
emc.eawelectro.com,
emc.emc-square.com,
emc.028pcw.com,
emc.yoxtu.com,
emc.520wed.cn,
emc.feelmms.com,
emc.akkas.net,
emc.okofot.net,
emc.bytxs.tw,
emc.fiercetennis.com,
emc.freecialisb8med.com,
emc.lynxto.com,
emc.frosttest.com,
emc.gnapitech.com,
emc.u9so23.pw,
emc.hxlz518.com,
emc.tongling-kids.com,
emc.yuntraitrans.com,
emc.mgjdkx.icu,
emc.colquiri.gob.bo,
emc.pqneivgta.cn,
emc.zufnuys.cn,
emc.vgwhom.icu,
emc.kadiy.ru,
emc.zssnblu.com.cn,
emc.medicines.org,
emc.xxxizle.online,
emc.tjuluk.icu,
emc.ioomnzwn.tw,
emc.emc.edu.jm,
emc.mclegoman.com,
emc.yeyu1.cn,
emc.aquazoom.com,
emc.xiangqiao1999.cn,
emc.medfirms.ru,
emc.88dss.cn,
emc.a2zfame.com,
emc.itremote.ninja,
emc.kaspersky-labs.com,
emc.my3cx.de,
emc.ndcube.co.jp,
emc.nmsrv.com,
emc.paycom.com,
emc.qujiaozhi8.com,
emc.tbpp.com.cn,
emc.tmx.com.au,
emc.zentgraphicdesign.com,
emc.buscalo.do,
emc.clarix.io,
emc.iraq273.com,
emc.maricopa.edu,
emc.sitesolution.it,
emc.tpe.gov.tr,
emc.cerificationsapps.com,
emc.designwiseguy.com,
emc.emailbase.org,
emc.jhmryq.com,
emc.metrarr.com,
emc.vinfiniti.biz,
emc.web571.cn,
emc.ningyezs.com,
emc.infored.com.mx,
emc.in.net,
emc.uoregon.edu,
emc.kresa.org,
emc.cdyugiia.xyz,
emc.onquip.com,
emc.nmhrxraf.xyz,
emc.umsha.ac.ir,
emc.xcabvijxn.cn,
emc.rabgpnw.com.cn,
emc.ipub.fun,
emc.holydrugs.fun,
emc.6ehodl.cn,
emc.s76uaajx.cn,
emc.uiuhwvq.cn,
emc.elie.cam,
emc.g333dqfk.cn,
emc.myradio.web.id,
emc.bookmylab.com,
emc.darkhorseink.com,
emc.bluebearsit.com,
emc.oamgmamr-constanta.ro,
emc.daviscreativemarketing.com,
emc.printqoe.com,
emc.gawlermotorrewinders.com.au,
emc.aattendance.nl,
emc.mtojhez.cn,
emc.djsiokl.com.cn,
emc.eiixkpt.cn,
emc.bsuir.by,
emc.socservice.kg,
emc.3cx.co.za,
emc.loantopia.us,
emc.newrenaissancewoman.com,
emc.sjdckm.ga,
emc.pixelogictech.com,
emc.rocketpixelapps.com,
emc.nleupyqs.tw,
emc.gykml.com,
emc.cytrd.com,
emc.114tieguanyin.com,
emc.hnhzjt.com,
emc.hujiaodetaiyang.cn,
emc.er.ro,
emc.i87796.pw,
emc.4eama.com,
emc.0932.tw,
emc.mediag.net,
emc.zeefa.net,
emc.mgdot.net,
emc.ouihelp.net,
emc.sa.pl,
emc.tcard.mobi,
emc.fedjobcenter.com,
emc.troomo.com,
emc.ladosemusic.com,
emc.fastenews.com,
emc.sokiki.com,
emc.wejoyn.com,
emc.68484294.cn,
emc.dc74.net,
emc.dealersystem.com,
emc.e-cwinfo.com,
emc.inspower.cn,
emc.manifestmars.com,
emc.99nurse.com,
emc.bhrtweb.com,
emc.ccsn82.icu,
emc.medcerti.com,
emc.mieonline.org,
emc.praxis-bayerlein.de,
emc.qlxjklyxgs.com,
emc.quincekl.com,
emc.razorfish.com,
emc.sbk199.icu,
emc.srce.hr,
emc.thepixeljunction.com.au,
emc.too.kz,
emc.u-net.com,
emc.wnywp.com,
emc.zconsultants.net,
emc.zhbkdlw.cn,
emc.exposure.co,
emc.rfd.gov.vn,
emc.smh.re,
emc.denacode.se,
emc.dot.ph,
emc.mitrend.com,
emc.rdeskaan.xyz,
emc.viaeptv.com,
emc.momonoki.life,
emc.lzu.edu.cn,
emc.0ihm46kau.cn,
emc.nluvtxc.cn,
emc.mqhwego.cn,
emc.bitcash-money.space,
emc.bitcash-trade.site,
emc.ohuaimb.cn,
emc.utqpebp.cn,
emc.porngames.cam,
emc.serdrugs.fun,
emc.gamers.co.jp,
emc.wdd.idv.tw,
emc.cagavm.site,
emc.aviana.network,
emc.formarefarma.ro,
emc.bwsojo.org,
emc.eastvantage.com,
emc.finbot.co.il,
emc.fllswovi.cn,
emc.gtmuwhn.cn,
emc.mattballing.online,
emc.mtechno.info,
emc.wsqlclient.com,
emc.4spires.com,
emc.eadtu.eu,
emc.uknowva.com,
emc.bpeventsupport.com,
emc.kevinjs.com,
emc.nahsun.kr,
emc.azdev.vn,
emc.wethepeopleinorder.com,
emc.hala7250.cn,
emc.jackbiggin.me,
emc.qingyuanstone.com,
emc.azureedge.net,
emc.xingmalll.com,
emc.huihuangjiuye.com,
emc.vast-web.com,
emc.51ajcaipiao.cn,
emc.caiimgcdn.cn,
emc.teknom.net,
emc.inqub.net,
emc.juhua578467.cn,
emc.haymacproduction.ma,
emc.lewisandclarkcam.com,
emc.mrjohns.net,
emc.zkrxemw.com.cn,
emc.ul.com,
emc.qccis.com,
emc.literalyoutubevideos.com,
emc.027ygd.com,
emc.amis.vn,
emc.5djt.cn,
emc.monsterhousemovie.com,
emc.9tianjiangyulecheng.com,
emc.xjz.nl,
emc.interairportindia.com,
emc.5555caipiao2019.cn,
emc.39or14.icu,
emc.llwcj.com,
emc.ynymbrh.com,
emc.hzau.edu.cn,
emc.editions-bordas.fr,
emc.sc.edu,
emc.wiidb.com,
emc.bengabler.com,
emc.colmedegua.org,
emc.kongtiaoweixiu6.cn,
emc.logica.co.uk,
emc.mkt6910.com,
emc.oh-simphony.com,
emc.purvin.net,
emc.qfimr.com,
emc.selenebs.it,
emc.techsystemsconsulting.com,
emc.yomom.my,
emc.163ht.cn,
emc.47481630.cn,
emc.ammelanie.fr,
emc.bellmanapp.com,
emc.bowling-em.de,
emc.car6932.com,
emc.cpltime.com,
emc.elitemediachannel.com,
emc.oomas.co.za,
emc.vitusodconsult.com,
emc.bdypnk.com,
emc.daemnancagua.cl,
emc.lhg021.cn,
emc.axxk70.icu,
emc.fco.science,
emc.wecandevelopit.com,
emc.ayspromoproducts.com,
emc.codeshimmer.net,
emc.wetransfer.com,
emc.tehran.ir,
emc.hhhabrtt.xyz,
emc.hyrell.com,
emc.cp8ra23.cn,
emc.xd1hxi.cn,
emc.negvpxv.cn,
emc.ibkbcyf.cn,
emc.ndurlbx.cn,
emc.xtraffic.store,
emc.jobbrly.com,
emc.exovjvu.cn,
emc.coastalbiz.net,
emc.nqzzxde.cn,
emc.3198t9qv.cn,
emc.vyjlppl.cn,
emc.bitmoneybusinesses.space,
emc.molinillodecafe.online,
emc.mjyzbkf.cn,
emc.ch45mvj0.cn,
emc.eckingerdigital.com,
emc.nmhs.net,
emc.wadeswebsolutions.com,
emc.dollarearnersunlimited.com,
emc.maxmediatest.ovh,
emc.fnsdesk.co.uk,
emc.cfcevbe.cn,
emc.icall-arabia.com,
emc.careersourceusa.com,
emc.pbnethosting.com,
emc.tergooi.nl,
emc.suc.org.uy,
emc.oamrcl.ro,
emc.polito.it,
emc.oammr-iasi.ro,
emc.army.mil,
emc.azsportivoperformance.com,
emc.haicaifu.cn,
emc.xosjr.cn,
emc.fuicaiba.cn,
emc.bestinfoportal.com,
emc.mxevhyu.tw,
emc.yhtzq.cn,
emc.zhangshuiqiao.cn,
emc.pactness.com,
emc.gdmb.org,
emc.super62.com,
emc.wmnpgng.com.cn,
emc.repage.cn,
emc.ulitzer.com,
emc.elearningkings.com,
emc.jessezweers.nl,
emc.pixul.fr,
emc.extendshop.de,
emc.808291.com,
emc.bizemall.com,
emc.squarespace.com,
emc.xpolor.com,
emc.ssbet145.cn,
emc.zb-jinsheng.com,
emc.emich.edu,
emc.membershipnetworksite.com,
emc.puji30.icu,
emc.qassatha.com,
emc.knology.net,
emc.ebetsu.org,
emc.feufanlingyu.com,
emc.pauly7.com,
emc.pexim.rs,
emc.philips.com,
emc.pneumatic.site,
emc.shenerjiaoyu.com,
emc.instaloanpro.com,
emc.macpic.at,
emc.turkpatent.gov.tr,
emc.pl.ua,
emc.qowner.com,
emc.235770.com,
emc.main.jp,
emc.pokerqq.cam,
emc.vaxtfy.icu,
emc.jobungo.co.uk,
emc.0ra009.pw,
emc.018yh.com,
emc.haut-pave.online,
emc.lbouinq.cn,
emc.openrussia.online,
emc.gfieivm.cn,
emc.ffnnrhu.cn,
emc.shltfy.com,
emc.mdqwdzxx.com,
emc.fayechai.com,
emc.submittable.com,
emc.dakh2o.com,
emc.qiaoqiaohua.cc,
emc.emcs-madras.in,
emc.entreprise-fr.com,
emc.86737494.cn,
emc.pmnotes.net,
emc.1reza.net,
emc.souqv.cn,
emc.fr-manuals.com,
emc.q-care.cc,
emc.5-t.net,
emc.humanoide.es,
emc.elte.hu,
emc.annaercilla.com,
emc.jobusa.com,
emc.harry2004.com,
emc.alulaconnect.com,
emc.homeemploymentnetwork.com,
emc.ecstel.co.kr,
emc.gocareers.com,
emc.gdmb.de,
emc.c3dev.nl,
emc.bloomsfun.com,
emc.3cx.co.uk,
emc.hashrapid.com,
emc.musashino-u.ac.jp,
emc.fjgxnjb.com.cn,
emc.waswyhn.cn,
emc.couponsbeyond.com,
emc.skarecboi.com,
emc.noiseken.com,
emc.mystarreader.com,
emc.freeboxos.fr,
emc.mor-tech.media,
emc.stoppage.us,
emc.walwoo.com,
emc.fileflash.com,
emc.mimbarbangsa.com,
emc.68brcaipiao.cn,
emc.kbffofep.cn,
emc.ericap.com,
emc.pheryx.com,
emc.dropshippinguni.com,
emc.possling.de,
emc.sphi300.com,
emc.jbedc.com,
emc.6318557.com,
emc.7132755.com,
emc.733119731.cn,
emc.ayoodasolutions.com,
emc.bookedscheduler.com,
emc.cjyij.com,
emc.e-jnet.net,
emc.ebizindia.com,
emc.fenwick.co.uk,
emc.fiat.de,
emc.hdadi.cn,
emc.imip.or.jp,
emc.myseko.com,
emc.nciae.edu.cn,
emc.rexlou.com,
emc.screengrab.de,
emc.shu.edu.tw,
emc.truesademotions.com,
emc.tutorabc.com,
emc.uel.ac.uk,
emc.wuxijdgc.com,
emc.bitmoneyes.site,
emc.taedzznx.cn,
emc.nqkwwkp.cn,
emc.guqomhix.cn,
emc.bitmoney-trade.site,
emc.monochromatiques.store,
emc.bitcoinprotect.site,
emc.familyds.com,
emc.torushost.com,
emc.0566811.com,
emc.klpdz.com,
emc.mnlrzsft.tw,
emc.exprealty.com,
emc.geared2play.com,
emc.vieylszt.cn,
emc.edizionimusicaliprocaccini.net,
emc.jinqiaojixie.com,
emc.hala4392.cn,
emc.show5483.cn,
emc.createaforum.com,
emc.kakwebdir.com,
emc.rdnren.com,
emc.caribbeansocialnetwork.com,
emc.taladdd.com,
emc.biotap.co.in,
emc.skenderovic.biz,
emc.trjdei.com,
emc.renqingyan.com,
emc.live-sex.mobi,
emc.code.blog,
emc.undonet.com,
emc.ceriumnetworks.com,
emc.thelyricarchive.com,
emc.darshan.ac.in,
emc.dcsimypy.xyz,
emc.cunqloaze.icu,
emc.hasyn.cn,
emc.avature.net,
emc.a-biz.nl,
emc.sacalechesya.com,
emc.riederer.de,
emc.wxc.edu.cn,
emc.j5pen194.cn,
emc.w1m755mg.cn,
emc.uyt013ka.cn,
emc.pigdsng.cn,
emc.dzmxghnv.cn,
emc.skilljar.com,
emc.jobsearchcenter.com,
emc.eforen.tv,
emc.thespacexplore.com,
emc.fine-information.com,
emc.agencyanalytics.app,
emc.oammr-cv.ro,
emc.co.com,
emc.local802afm.org,
emc.boldbeaver.com,
emc.focusevent.ro,
emc.credittransformationproject.com,
emc.rehanlatif.com,
emc.qqawmj8x.cn,
emc.hcchzi.org,
emc.rdjxdrh.cn,
emc.steam-don.fun,
emc.bitmoneyeasy.site,
emc.swpu.org,
emc.zzc.biz,
emc.86art.net,
emc.eee0045.com,
emc.owodogunion.com,
emc.cece77.com,
emc.icegame.top,
emc.employmentpop.com,
emc.wezvqt.com.cn,
emc.eserver.org,
emc.filebio.com,
emc.wol.org,
emc.usxysfx.com.cn,
emc.bitcointop.site,
emc.dwkklixy.cn,
emc.eunuwhmw.com.cn,
emc.vergedarkgreen.pw,
emc.qadfzin.cn,
emc.4w64uc.cn,
emc.hippiezhou.fun,
emc.dospuntos.casa,
emc.pcqossa.cn,
emc.coin-forum.site,
emc.ballwatch.top,
emc.hala4768.cn,
emc.ahmxgs.com,
emc.yuyang2010.com,
emc.beaish.com,
emc.adamtahir.net,
emc.ahqstv.com,
emc.cncangxi.cn,
emc.beginnerjoggingtips.com,
emc.packageview.com,
emc.nezhuang.cn,
emc.goodbrandcompany.net,
emc.contbg.pw,
emc.2aycaipiao.cn,
emc.mensshoesireland.com,
emc.rtcai.cn,
emc.wanasatime.com,
emc.laspreguntasyrespuestas.com,
emc.kos.co.th,
emc.rjsmedia.org,
emc.nemetek.com,
emc.bzjkqcg.com,
emc.ces5712.cn,
emc.hindson.fun,
emc.acyqujk.com,
emc.dialerhosting.com,
emc.harten8.com,
emc.heluyawh.cn,
emc.iot1688.com,
emc.levelfiveexecutive.com,
emc.libre-planete.fr,
emc.memento.com.pl,
emc.mtv4net.com,
emc.mytcq.com,
emc.rain.fr,
emc.81man.com,
emc.clan.ru,
emc.host03.net,
emc.mosfile.ru,
emc.myfjw.cn,
emc.myvnc.com,
emc.p1818p.cn,
emc.shechipd.com,
emc.touyouta.com,
emc.lks16.cn,
emc.lokshan.org,
emc.lw-sh.com,
emc.tthlbr.cn,
emc.gzchentiancun.com,
emc.zxrcs.com,
emc.takinblog.com,
emc.coachsoutlets2you.com,
emc.muwmu.cn,
emc.hichuai.com,
emc.mandela.ac.za,
emc.juman.co,
emc.xdhoppnq.xyz,
emc.carboline.cc,
emc.kiwi.nz,
emc.interscm.com,
emc.enlace-gt.com,
emc.freemyip.com,
emc.mzkegfc.com.cn,
emc.davidaue.com,
emc.inbookdesign.com,
emc.schulzke.org,
emc.eduversal.net,
emc.lbdp.io,
emc.thedemit.com,
emc.zhfserver.live,
emc.frenchco.in,
emc.arrowecs.ae,
emc.citrabestindo.com,
emc.cw1t.cn,
emc.fluctis.com,
emc.imprexsions.com,
emc.maipangwang.cn,
emc.pica.is,
emc.poiv43.icu,
emc.qqylwx.com,
emc.thinkific.com,
emc.udg.mx,
emc.uvaair.com,
emc.jmsmucker.net,
emc.l6256y.cn,
emc.management-ok.jp,
emc.ofb-simphony.com,
emc.ohsimphonytraining.com,
emc.snitserp.com,
emc.unifesspa.edu.br,
emc.2500e.com,
emc.cnzhuonai.com,
emc.ddgg2664.cn,
emc.hmwtk.cn,
emc.laakkonen.fi,
emc.ohsimphonydemo.com,
emc.salihulukoylu.com,
emc.vediamo.com.br,
emc.medicines.org.uk,
emc.rxmbachx.com,
emc.zhooyi.com,
emc.verio.com,
emc.oeinfo.cn,
emc.theasp.net,
emc.njztc.com,
emc.sapiensmedicus.org,
emc.rewardgateway.co.uk,
emc.seesh.cn,
emc.ksluts.com,
emc.feng9510.cn,
emc.pristine.media,
emc.xuesap.com,
emc.tsxinchuan.com,
emc.soinrkv.cn,
emc.cigre.com.br,
emc.hgjfht.ga,
emc.jnu.edu.cn,
emc.gdcxd.cn,
emc.caipiaohan2020.cn,
emc.momotaro630.com,
emc.commtech-academy.com,
emc.vtabmb.com,
emc.microdon.org,
emc.hermeslikes.com,
emc.hptvpdxj.cn,
emc.bitcash-network.site,
emc.ybncagp.cn,
emc.savonia.fi,
emc.fgfloans.com,
emc.jobseeq.com,
emc.gitsys.info,
emc.ceaidsxp.xyz,
emc.a0b74.cn,
emc.tdrivulx.xyz,
emc.iconophages.com,
emc.amb.org.br,
emc.ijs.com,
emc.rionetworks.com,
emc.exsisto.bg,
emc.omenkssz.cn,
emc.osfuiwsw.com.cn,
emc.mrbox.fun,
emc.igwsqge.com.cn,
emc.howest.be,
emc.overgame.tk,
emc.jobmazing.com,
emc.ict-net.com,
emc.elevatemyculture.co.uk,
emc.your-onlinestore.com,
emc.xn--offene-bhne-0hb.ch,
emc.alexu.edu.eg,
emc.nbqvwu.cn,
emc.jobabound.com,
emc.jobsearchamerica.com,
emc.fukui-nct.ac.jp,
emc.lsecities.net,
emc.recommendedjobs.co.uk,
emc.goresumes.com,
emc.enternetdesign.net,
emc.evitca.com,
emc.caimcp.cn,
emc.ocklgbzg.cn,
emc.dong7980.cn,
emc.giftlegacy.com,
emc.ks-nemo.com,
emc.ytit8.com,
emc.hlr.biz,
emc.rileblog.com,
emc.kofkof.com,
emc.longvancorp.com,
emc.ksieqaz.com,
emc.baturu.com,
emc.jameslawfirmllc.com,
emc.tislive.com,
emc.modeltrainrepair.com,
emc.mig2008.net,
emc.nengjun.buzz,
emc.caibakeg.cn,
emc.hcafyyd.tw,
emc.tournapp.com,
emc.leapoutdev.com,
emc.ejkubgha.cn,
emc.szqhbie.cn,
emc.glowbox.site,
emc.trading-businesses.site,
emc.hrbust.edu.cn,
emc.nlyffcq.cn,
emc.75670.xyz,
emc.xbtouzi.com,
emc.ns85.cn,
emc.bodycote-mt.com,
emc.dealeraccelerate.net,
emc.eudme.com,
emc.hxrenew.com,
emc.inventforum.com,
emc.joyomob.com,
emc.meinvdaban.com,
emc.phinli.com,
emc.uecrus.com,
emc.watchdogsolutions.net,
emc.workstreams.lk,
emc.cssgp.com,
emc.el-manchar.com,
emc.gatemarktechnologies.com,
emc.grisor.com,
emc.haagendazs-food.com,
emc.hljuh.cn,
emc.launching-soon.com,
emc.microzenith.com,
emc.mooncat28.ru,
emc.ncepu.edu.cn,
emc.nni.net,
emc.papatrend.space,
emc.pku.edu.cn,
emc.qkynh13.top,
emc.schyhw.com,
emc.softandhost.org,
emc.uk.com,
emc.wxseu.cn,
emc.xyxka.com,
emc.suggestedjobs.com,
emc.ypodemos.com,
emc.itools.mn,
emc.westerncapitalnews.com,
emc.jobungo.com,
emc.employmentglobe.com,
emc.sytecs.com.ua,
emc.dnscheck.com.ar,
emc.eversonmachado.com.br,
emc.adk-optic.com,
emc.uncc.edu,
emc.mercurialis.com,
emc.my-certifications.com,
emc.le.lt,
emc.vcgpas.com.cn,
emc.vpckmz.icu,
emc.ijoaie.com.cn,
emc.ujn.edu.cn,
emc.bitcashtop.site,
emc.lhbr5c10.cn,
emc.pfxnfhd.com.cn,
emc.477904.cn,
emc.meity.gov.in,
emc.enerprec.com,
emc.emc-gesproman.es,
emc.uthm.edu.my,
emc.gm1588.com,
emc.ac.kr,
emc.aoficina.pt,
emc.cat.com,
emc.historycarnival.org,
emc.managebuiiding.com,
emc.telekom.de,
emc.ratenotifier.com,
emc.coalition.reviews,
emc.socialato.com,
emc.fundiin.vn,
emc.gogigs.com,
emc.thephadho.com,
emc.88sbcgw.com,
emc.oumensix.com,
emc.hongyuejiaotong.cn,
emc.cdzvpvkx.tw,
emc.kuai-ka.com,
emc.ericko.net,
emc.creo.site,
emc.zglsgl.com,
emc.zhencaiyun.xyz,
emc.picip.net,
emc.davekuo.net,
emc.the19a.com,
emc.sin-online.nl,
emc.tec.br,
emc.meateedesign.com,
emc.norgence.com,
emc.tecmyer.com.au,
emc.fastjobstoday.com,
emc.loriashop.store,
emc.amada.eu,
emc.interamerica.org,
emc.phckc.com,
emc.testcatalog.org,
emc.smmkuirv.cn,
emc.otoralk.cn,
emc.womenonwheels.cam,
emc.tdwwvyr.cn,
emc.xmgfbee.cn,
emc.cyhjzjf.cn,
emc.seksitreffit.cam,
emc.dszdnj.icu,
emc.zoomtravel.com.tr,
emc.qckapp.com,
emc.blackdrill.pw,
emc.e-kei.pl,
emc.ics2011.com,
emc.532451.com,
emc.hg66444.com,
emc.isvms.com,
emc.comvc.cn,
emc.5265123.com,
emc.asahino.com,
emc.pdscai.cn,
emc.sbccamilla.org,
emc.shed.ltd,
emc.tickets365.gr,
emc.wozai.net,
emc.xrfuwuqi.com,
emc.bangmod.co.th,
emc.fixitphil.net,
emc.hahacake.com,
emc.scrinternal.ro,
emc.waeco.se,
emc.github.io,
emc.heliohost.org,
emc.uaeblooms.com,
emc.journalcaeit.com,
emc.corsifinanziati.com,
emc.ytu.edu.cn,
emc.topoyiyos.com,
emc.yangyundouya.com,
emc.vipjr.com,
emc.nitt.edu,
emc.technologyportal.com.au,
emc.ioksp.com,
emc.itbestofbreed.com,
emc.rgf-hragent.com.cn,
emc.labeden.com,
emc.saval.cl,
emc.nov.ru,
emc.longxindianqi.com,
emc.erqwww.xyz,
emc.software.london,
emc.lapsus.org,
emc.oxygenservice.dk,
emc.albe.pw,
emc.careeravenue.com,
emc.caliclic.eu,
emc.china-cem.com,
emc.lenta.ru,
emc.ms0tf2.cn,
emc.portes-ouvertes.ca,
emc.pamifiles.ca,
emc.xladhit.com.cn,
emc.cals4you.co.uk,
emc.hafinc.com,
emc.goteamchoi.com,
emc.astrologyhive.com,
emc.thebrandgeeks.com,
emc.startingarage.com,
emc.coupontheory.com,
emc.besthealthjobs.com,
emc.udiscom.co.kr,
emc.sapince.com,
emc.campaign-adv.com,
emc.qubuqu.cn,
emc.hellosoc.com,
emc.en-manuals.com,
emc.hnnyzb.com,
emc.yutya.net,
emc.opgsoft.net,
emc.confex.com,
emc.66club.com.cn,
emc.978awc.cn,
emc.caituwu.com,
emc.cd-it.net,
emc.cinderstudios.com,
emc.crowdsulting.net,
emc.drivernation.com,
emc.evergreenadventure.com.my,
emc.idy360.com,
emc.km.ru,
emc.miyixia.cn,
emc.qqclk.cn,
emc.ranliang.net,
emc.scopika.com,
emc.securitas.de,
emc.southsun61.com,
emc.up.net,
emc.043q.cn,
emc.2cubedtest.com,
emc.3cx.com.au,
emc.66club.cn,
emc.715yet.vip,
emc.asuscomm.com,
emc.commerzbank.de,
emc.elliottsportswear.biz,
emc.elmensajerodiario.com.ar,
emc.ewj.hk,
emc.helpfundprojects.com,
emc.itp.ac.cn,
emc.mcsaatchi.com,
emc.mossycobble.com,
emc.quedianran.cn,
emc.re.kr,
emc.siemens.com,
emc.sostv.sk,
emc.trulyergonomic.com,
emc.tscorder.com,
emc.vintagechurchtx.com,
emc.vwh.net,
emc.spb.ru,
emc.b5225.com,
emc.clichespotting.com,
emc.doosu.com,
emc.setem.fr,
emc.l2o.com.br,
emc.polaris-dev.com,
emc.dvpeapmc.com,
emc.hezhizs.com,
emc.dojalaco.tw,
emc.two.com.pk,
emc.0707sbc.com,
emc.quotecai.cn,
emc.sirius.vic.edu.au,
emc.vaio.com,
emc.infosyscon.com,
emc.sg9d.cn,
emc.betterview.net,
emc.body168.cn,
emc.rpkrouz.cn,
emc.uupkztv.cn,
emc.mytorr.fun,
emc.5t64pe.xyz,
emc.ehljebpm.cn,
emc.rfbkpdc.cn,
emc.kvxkpdt.cn,
emc.emu.edu.tr,
emc.hur0q1pv.cn,
emc.dds41mdg.cn,
emc.eku.edu,
emc.infoua.biz,
emc.wjmfos.gq,
emc.lcllfum.com.cn,
emc.junnysoft.cn,
emc.humvascularalem.org,
emc.linfordpartners.com,
emc.ru.net,
emc.coastside.net,
emc.ocivukn.com.cn,
emc.univ-lyon2.fr,
emc.kmcongress.com,
emc.nonblinking.com,
emc.nict.go.jp,
emc.favs.today,
emc.elabinventory.com,
emc.oammrhr.ro,
emc.evcompare.io,
emc.honeybeeinvestment.com,
emc.ma-gestion-cloud.fr,
emc.nextec-edu.com,
emc.thenickcompany.com,
emc.eecs.ac.cn,
emc.onshoot.com,
emc.maxscore.net,
emc.formaremedicala.ro,
emc.ncsu.edu,
emc.ksvodao.cn,
emc.spbu.ru,
emc.senorvega.com,
emc.audio-devcore.com,
emc.goskn.cn,
emc.grg.de,
emc.iprosper.com.br,
emc.ismv2.com,
emc.netplace.com,
emc.seeums.com,
emc.youxixixi.com,
emc.yzzx.gov.cn,
emc.100ppi.com,
emc.138hosting.com,
emc.1stmouth.com,
emc.aadhp.cn,
emc.aborlccf.org.br,
emc.anantaherbal.com,
emc.ara.hosting,
emc.enchantedmc.net,
emc.fuyoudl.com,
emc.onyxnet.co.uk,
emc.score.org,
emc.switchgear.builders,
emc.thilix.cn,
emc.sourceforge.net,
emc.kengie.cn,
emc.ornl.gov,
emc.opentestdrive.com,
emc.qtblkff.com.cn,
emc.eagleeye.com.tw,
emc.mah.priv.at,
emc.yserv.com,
emc.yahflfksm.cn,
emc.aerialtronics.com,
emc.nonnudecentury.com,
emc.zrxxpln.cn,
emc.caipiaopo.cn,
emc.lqhtjxc.com,
emc.acousticsredefined.com,
emc.vvsyyb.gq,
emc.zqrphax.ga,
emc.coin-finance.site,
emc.fbafvne.cn,
emc.4kbivk.cn,
emc.briankelly.tech,
emc.candidatepoint.co.uk,
emc.technology-systems.com,
emc.ableat.com,
emc.rice.edu,
emc.mahtca.com,
emc.lifeblog.fun,
emc.ibmddps.cn,
emc.concreteslut.xyz,
emc.walteriasiello.online,
emc.shadowera.com.cn,
emc.kqfmrft.cn,
emc.trading-news.site,
emc.lrbxtvnb.cn,
emc.governmentjobcenter.com,
emc.dihisi.com,
emc.vhm.net,
emc.23xth.com,
emc.533psb.com,
emc.wsdsyy.com,
emc.xiujie25.cn,
emc.586hk.com,
emc.bjdcxr.com,
emc.solusim.net,
emc.boyleo.com,
emc.ypftpwym.cn,
emc.lthbsuc.cn,
emc.caoyuansanbei.com,
emc.lks10.cn,
emc.nakuran.net,
emc.maxminers.net,
emc.aufjtyyac.cn,
emc.fotolog.pl,
emc.vafweb.com,
emc.tgrqi.cn,
emc.biwa.ai,
emc.retropia.co.uk,
emc.bluestar-uk.com,
emc.nwc.media,
emc.inf.ua,
emc.allis4u.com,
emc.elabjournal.com,
emc.dashforhealth.com,
emc.visitcrimea.guide,
emc.995715qp.com,
emc.ve92.site,
emc.raulkwf.cn,
emc.bodypiercingland.com,
emc.12pas.net,
emc.09859.xyz,
emc.secureyule.cn,
emc.wn41.site,
emc.aqmrb.com,
emc.jiangtg.cn,
emc.remsmed.com,
emc.epayslips.co.uk,
emc.icecrm.co.uk,
emc.sharkman.ru,
emc.avizva.com,
emc.cqu.edu.cn,
emc.hong027.com,
emc.ionbk.cn,
emc.enterprisesafe.net,
emc.simphonydemo.com,
emc.amdaily.cn,
emc.benchi.com.ua,
emc.vacruises.com,
emc.jplab.com.cn,
emc.shswzb.com,
emc.waxinxian.cn,
emc.e2wew.com,
emc.hengmao128.com,
emc.edcast.com,
emc.hala7305.cn,
emc.dpnews.net,
emc.bxyoo.com,
emc.stlxnczc.com,
emc.olx.ua,
emc.xincheng.org,
emc.archyapp.com,
emc.spokaneschools.org,
emc.skyrock.net,
emc.stelcom.com.cn,
emc.usv.ro,
emc.victorysigns.net,
emc.x83d.com,
emc.xiazhuangty.com,
emc.yabolyg.com,
emc.yamagatabank.co.jp,
emc.transcanada.com,
emc.freedownloadmp3.net,
emc.qihuangye.com,
emc.koi29.net,
emc.wponak.net,
emc.njhongdian.com,
emc.guwenxue.net,
emc.dotnetmaniac.com,
emc.ic24.net,
emc.mrktng.bz,
emc.418group.com,
emc.honda.com.vn,
emc.sharehire.pl,
emc.babesvsrobots.com,
emc.sharedvue.net,
emc.apacciooutlook.com,
emc.zbspnqkp.xyz,
emc.shivtr.com,
emc.wustl.edu,
emc.monashgraduateschool.org.cn,
emc.dealpass.no,
emc.eptv.com.br,
emc.dmhwcpd.cn,
emc.wizardoivelox.club,
emc.openru.live,
emc.bolamansion.fun,
emc.sfmnwnn.cn,
emc.vnrfjd.cn,
emc.hypotheses.org,
emc.xyjjkj.icu,
emc.cfaa0v8k.cn,
emc.as1.online,
emc.bitmoney-top.site,
emc.coin-blog.site,
emc.bitcash-transactions.site,
emc.frzxfxi.cn,
emc.zrdnjrjb.cn,
emc.vbujpe1t.cn,
emc.mcpile.com,
emc.login2xplore.com,
emc.candidatepoint.com,
emc.zuckerart.de,
emc.auraqatar.com,
emc.oyqquff.cn,
emc.centraleloisirs.fr,
emc.ergo.de,
emc.soudertonsd.org,
emc.extremenetworks.com,
emc.jvxfrxrt.cn,
emc.iiitmk.in,
emc.travelclick.com,
emc.evado.se,
emc.wmzyibs.cn,
emc.ligeoriginal.com,
emc.weather-it-is-israel.com,
emc.tohoku.ac.jp,
emc.v-org.com,
emc.emcshop.be,
emc.findingamarketingsystem.com,
emc.jfactory.xyz,
emc.ccp.org.ru,
emc.ifp-npdc.fr,
emc.seaperformer.com,
emc.humiyxj.com,