domainName,
kubernetes.lohmann.dev,
kubernetes.mdc.hu,
kubernetes.citiesapps.com,
kubernetes.inkletblot.com,
kubernetes.austroapps.com,
kubernetes.hkuchampudi.com,
kubernetes.dynv6.net,
kubernetes.spicy.gg,
kubernetes.luxantinnovation.com,
kubernetes.minitreff.cloud,
kubernetes.samaweb.net,
kubernetes.siamlocalize.com,
kubernetes.expansive.mx,
kubernetes.ops4cloud.fr,
kubernetes.seotoolbox.io,
kubernetes.kurz.site,
kubernetes.youngthink.com,
kubernetes.mcy.space,
kubernetes.oryk.hu,
kubernetes.nationalrollerderbyleague.com,
kubernetes.kontxt.cloud,
kubernetes.timearchive.org,
kubernetes.qianfang.space,
kubernetes.arepasoftware.com,
kubernetes.ahlin.si,
kubernetes.n0stack.dev,
kubernetes.withtanzu.com,
kubernetes.gabrielmajeri.ro,
kubernetes.indexyz.me,
kubernetes.dns-station.net,
kubernetes.wdc.com,
kubernetes01.linova.de,
kubernetes.ya.devlogics.ru,
kubernetes.pi.thangntt.com,
dev.kubernetes.austroapps.com,
www.kubernetes.ahlin.si,
kubernetes-api.n-creativesystem.com,
kubernetes.q01.esolution.services,
kubernetes.int.awgroup.dev,
kubernetes.loc.acolombier.dev,
www.kubernetes.hkuchampudi.com,
stg.kubernetes.austroapps.com,
api.kubernetes.gianni.network,
www.kubernetes.dns-station.net,
api.kubernetes.nativec.se,
kubernetes-test.uhg.com,
kubernetes.test.warpconsult.eu,
kubernetes-test.nimbis.io,
hello-kubernetes.bestsellerit.com,
test-kubernetes.wow-portal.com,
demo.kubernetes.ikor.cloud,
ww16.mkubernetes.mercedesmagazin.com,
hello-kubernetes.swile-internal-staging.co,
minio.kubernetes.pwstaging.tech,
k8dash.kubernetes.ikor.cloud,
kubernetes-devops.convenenp.com,
kubernetes-control.stevengibbs.co.nz,
g4s-api.kubernetes.pwstaging.tech,
grafana.kubernetes.freddeliv.me,
ww16.webkubernetes.mercedesmagazin.com,
traefik.kubernetes.sesam-global.biz,
kubernetes-dashboard.fc-staging.co.uk,
kubernetes-osb-test.serverbetriebssy-kubernetes.enbw.cloud,
kubernetes-dashboard.jannickho.de,
ww17.kubernetesblog.mercedesmagazin.com,
pde-demo.kubernetes.ikor.cloud,
ww16.kubernetes-blog.mercedesmagazin.com,
kubernetes-dashboard.sweforce.com,
nextcloud.kubernetes.freddeliv.me,
st-kubernetes-preview.atgdemo.net,
kubernetes-dashboard.fc-uat.co.uk,
kubernetes-dashboard.descubrenear.com,
kubernetes-dashboard.n-creativesystem.com,
kubernetes-dashboard.fc-prod.co.uk,
kubernetes-dashboard.savu.xyz,
kubernetes-dashboard.moomin.nu,
kubernetes-dashboard.saschagaspar.de,
kubernetes-dashboard.le-vel-stage.com,
kubernetes-experiment.devoxa.io,
kubernetes-dashboard.hauptversammlung.at,
helloworld.kubernetes.ikubelabs.io,
prod.samse-kubernetes.neovision.fr,
logging.kubernetes.sys.mixxt.net,
kubernetes-idashboard.47billion.com,
nova-central.kubernetes.pwstaging.tech,
test-delete.kubernetes.ikor.cloud,
kubernetes-api.staging.greenkeytech.com,
kubernetes.bwe.staging.thescore.bet,
kubernetes.3.89.201.80.nip.io,
kubernetes.34.232.69.126.nip.io,
kubernetes.52.91.123.251.nip.io,
kubernetes.54.208.18.68.nip.io,
kubernetes.23.23.75.217.nip.io,
kubernetes.52.91.119.40.nip.io,
kubernetes.34.207.155.87.nip.io,
kubernetes.54.82.197.125.nip.io,
kubernetes.52.91.84.188.nip.io,
argo.staging.kubernetes.consultel.com.au,
hello-kubernetes.sandbox.winningtemp.com,
kubernetes-nc.mia2a.cci.att.com,
kubernetes-nc.wnv2a.cci.att.com,
kubernetes-dashboard.k8s.rsletten.com,
kubernetes-nc.rcs3a.cci.att.com,
kuard.staging.kubernetes.consultel.com.au,
kubernetes-dashboard-test.osc.edu,
kuard2.staging.kubernetes.consultel.com.au,
kubernetes.54.226.115.66.nip.io,
kubernetes.us-tn.staging.thescore.bet,
kubenext-demo.kubernetes.comcast.com,
kubernetes.us-in.staging.thescore.bet,
kubernetes-dashboard.play.ncc-1701-d.net,
kubernetes.18-132-247-111.nip.io,
kubernetes.us-ia.staging.thescore.bet,
kubernetes-nc.auk51c.cci.att.com,
kubernetes-dashboard.aman.neumanny.net,
kubernetes.54.172.78.187.nip.io,
kubernetes.107.23.90.229.nip.io,
nuc-5.kubernetes-dashboard.moomin.nu,
kubernetes-dashboard.k8s.myapp.de,
kubernetes.54.197.47.211.nip.io,
nuc-4.kubernetes-dashboard.moomin.nu,
flexilite-test-kubernetes.softwarespace.io,
prod.kubernetes.beierholm.drupal.dk,
kubernetes-api.production.greenkeytech.com,
kubernetes.100.26.224.234.nip.io,
api.kubernetes.3.89.201.80.nip.io,
itkius-app-prod.kubernetes.techgap.it,
panoramacamping.kubernetes.reichartwebservices.com,
www.pxlwidgets.kubernetes.pwstaging.tech,
kubernetes.c1.or1.infra.k8s.ovh.us,
kubernetes.54.173.145.230.nip.io,
sensu.kubernetes.prod-twr1.rcswimax.com,
podinfo.staging.kubernetes.consultel.com.au,
kubernetes-dashboard.istio.gastromatic.de,
nuc-3.kubernetes-dashboard.moomin.nu,
test2.kubernetes-dashboard.e-ticket-lviv.com,
nuc-1.kubernetes-dashboard.moomin.nu,
api.kubernetes.54.208.18.68.nip.io,
api.kubernetes.52.91.119.40.nip.io,
mobiel.autosport.kubernetes.pwstaging.tech,
kubernetes.c1.va1.infra.k8s.ovh.us,
api.kubernetes.54.210.93.243.nip.io,
api.kubernetes.18-132-247-111.nip.io,
api.kubernetes.34.239.254.32.nip.io,
kubernetes-dashboard.k8test.osc.edu,
api.kubernetes.23.23.75.217.nip.io,
api.kubernetes.52.91.84.188.nip.io,
kubernetes-dashboard.tsm-pre.datalite.cloud,
api.kubernetes.54.226.115.66.nip.io,
api.kubernetes.34.232.69.126.nip.io,
www.prod.kubernetes.beierholm.drupal.dk,
kubernetes-dashboard.staging.gastromatic.de,
jupyterhub-kubernetes.dslab.os.grnetcloud.net,
api.kubernetes.107.23.90.229.nip.io,
api.kubernetes.52.91.123.251.nip.io,
api.kubernetes.34.207.155.87.nip.io,
api.kubernetes.54.82.197.125.nip.io,
api.kubernetes.54.197.47.211.nip.io,
sir-winston-ace-api.kubernetes.pwstaging.tech,
kubernetes-dashboard.b4qs8ht3.schip.io,
api.kubernetes.54.173.145.230.nip.io,
api.kubernetes.35-225-226-171.nip.io,
api.kubernetes.100.26.224.234.nip.io,
kubernetes.us-default.staging.thescore.bet,
worddocumentbuilder2.kubernetes.netsyno.com,
inno-hu-kubernetesservice.inno3.suhaibnurmohamed.com,
nginx-le.kubenext-lab.kubernetes.comcast.com,
nuc-5-test.kubernetes-dashboard.moomin.nu,
aio-ausbildung.kubernetes.fgtclb.ecentral.ws,
nuc-4-test.kubernetes-dashboard.moomin.nu,
nuc-1-test.kubernetes-dashboard.moomin.nu,
nuc-2-test.kubernetes-dashboard.moomin.nu,
nginx-le.kubenext-demo.kubernetes.comcast.com,
nuc-3-test.kubernetes-dashboard.moomin.nu,
master.kubernetes-mssql19.k8s.la.neosllc.org,
testkubernetesmysql.mysql.database.azure.com,
titanfile.kubenext-lab.kubernetes.comcast.com,
kubernetes-dashboard.dev.kaas.cna.stormreply.com,
flexilite-test-kubernetes-staging.softwarespace.io,
kubernetes-dashboard.oauth2.istio.gastromatic.de,
kubernetes.wallet.us-core.staging.thescore.bet,
review-reemplazo-0je712.kubernetes.finaersa.com.ar,
kubernetes-dashboard.autoesa-azdev.elements.directory,
allmakes-kubernetes.eu-de.containers.appdomain.cloud,
kubernetes-dashboard.k1866.schip.dev.mpi-internal.com,
kubernetes-dashboard.avpa.schip.dev.mpi-internal.com,
uvildige.prod.kubernetes.beierholm.drupal.dk,
testing-alma.search.kubernetes.lib.umich.edu,
review-ambiente-l-6cpr30.kubernetes.finaersa.com.ar,
review-django3-1-qh2mwg.kubernetes.finaersa.com.ar,
kubernetes-dashboard.stg-az-un.edl.a1q7.net,
kubernetes-dashboard.a1866.schip.dev.mpi-internal.com,
kubernetes-dashboard.fsr04.schip.dev.mpi-internal.com,
review-test-rel-s-rh6j2i.kubernetes.finaersa.com.ar,
review-rel-antici-63nuip.kubernetes.finaersa.com.ar,
nginx-leet.kubenext-demo.kubernetes.comcast.com,
kubernetes-dashboard.tsm-nordic-ref.datalite.cloud,
kubernetes-dashboard.fsr00.schip.dev.mpi-internal.com,
kubernetes-dashboard.s1866.schip.dev.mpi-internal.com,
kubernetes-dashboard.fsr01.schip.dev.mpi-internal.com,
kubernetes-dashboard.j1866.schip.dev.mpi-internal.com,
kubernetes-dashboard.fsr05.schip.dev.mpi-internal.com,
kubernetes-dashboard.u1153a7a.schip.dev.mpi-internal.com,
kubernetes-dashboard.chema15.schip.dev.mpi-internal.com,
kubernetes-dashboard.argof14.schip.dev.mpi-internal.com,
kubernetes-dashboard.u115d5db.schip.dev.mpi-internal.com,
kubernetes-dashboard.bridge.dev-master.cast.ai,
kubernetes.dashboard.internal.kpdev-new.ktdi-udisp.com,
kubernetes-dashboard.alvaroma.schip.dev.mpi-internal.com,
kubernetes-dashboard.helmtes2.schip.dev.mpi-internal.com,
kubernetes-dashboard.u1152e42.schip.dev.mpi-internal.com,
kubernetes-dashboard.chema13.schip.dev.mpi-internal.com,
kubernetes-dashboard.alan115t.schip.dev.mpi-internal.com,
19802689-review-main-yi2y9f.kubernetes.ndptc.education,
accessgov-mt-kubernetes.westus2.cloudapp.azure.com,
webhook-handler-lagoon-k8s-kubernetes.ch.amazee.io,
kubernetes.dashboard.internal.kptest-new.ktdi-udisp.com,
kubernetes-tripezone.us-south.containers.appdomain.cloud,
kubernetes-dashboard.helmtest.schip.dev.mpi-internal.com,
kubernetes-dashboard.nordic-dev-migrate.datalite.cloud,
myvpcclusterkubernetes.us-south.containers.appdomain.cloud,
kubernetes-dashboard.alvarome.schip.dev.mpi-internal.com,
kubernetes-spark-2-dal.us-south.containers.appdomain.cloud,
kubernetes-0500007-prod.eu-de.containers.appdomain.cloud,
accessgov-co-kubernetes.westus2.cloudapp.azure.com,
kubernetes-training-lab-app.dev.dtcdatasci.discovery.com,
kubernetes-cluster-domi.eu-de.containers.appdomain.cloud,
bjoernskubernetescluster.eu-de.containers.appdomain.cloud,
kubernetes15april-dual.us-south.containers.appdomain.cloud,
kubernetesdual1worker.us-south.containers.appdomain.cloud,
prod-ohpc-dmz-kubernetes.eu-de.containers.appdomain.cloud,
19802689-review-feature-dj-e8se5m.kubernetes.ndptc.education,
kubernetes-tripezone1wo.us-south.containers.appdomain.cloud,
ms-vpcclusterkubernetes.us-south.containers.appdomain.cloud,
myvpcclusterkubernetesiks.us-south.containers.appdomain.cloud,
kubernetes15aprilsingle.us-south.containers.appdomain.cloud,
myvpcclusterkubernetes12.us-south.containers.appdomain.cloud,
homeappliancekubernetes.us-south.containers.appdomain.cloud,
cloudrock-cicd-kubernetes.us-south.containers.appdomain.cloud,
myvpcclusterkubernetes-tt.us-south.containers.appdomain.cloud,
kubernetes-dashboard.thibo2.eu-west-3.schip.dev.mpi-internal.com,
kubernetes-dashboard.thibo5.eu-west-1.schip.dev.mpi-internal.com,
jeliasson-redwoodjs-on-kubernetes.51.105.102.164.nip.io,
kubernetes-dashboard-4390677a-95ea-11eb-b9e4.test.snapblocs.com,
kubernetes-dashboard-8290cbc8-a322-11eb-8294.prod.snapblocs.com,
dev.jeliasson-redwoodjs-on-kubernetes.51.105.102.164.nip.io,
acc-ci-5003-kubernetes-iyqxt.cue.service.us-east-1.dynamic.clouddev.frgcloud.com,
acc-ci-4982-kubernetes-dkkar.cue.service.us-east-1.dynamic.clouddev.frgcloud.com,
acc-ci-4982-kubernetes-vfvut.cue.service.us-east-1.dynamic.clouddev.frgcloud.com,
acc-ci-5028-kubernetes-emrmy.cue.service.us-east-1.dynamic.clouddev.frgcloud.com,
acc-ci-5028-kubernetes-dyyxd.cue.service.us-east-1.dynamic.clouddev.frgcloud.com,
acc-ci-5028-kubernetes-oooxo.cue.service.us-east-1.dynamic.clouddev.frgcloud.com,
acc-ci-5032-kubernetes-vulya.cue.service.us-east-1.dynamic.clouddev.frgcloud.com,
acc-ci-4982-kubernetes-moakg.cue.service.us-east-1.dynamic.clouddev.frgcloud.com,
acc-ci-5028-kubernetes-gssyc.cue.service.us-east-1.dynamic.clouddev.frgcloud.com,
acc-ci-4982-kubernetes-krcst.cue.service.us-east-1.dynamic.clouddev.frgcloud.com,
acc-ci-4982-kubernetes-btywp.cue.service.us-east-1.dynamic.clouddev.frgcloud.com,
acc-ci-5019-kubernetes-xyyrx.cue.service.us-east-1.dynamic.clouddev.frgcloud.com,
acc-ci-5012-kubernetes-gkqhd.cue.service.us-east-1.dynamic.clouddev.frgcloud.com,
acc-ci-4957-kubernetes-ksymo.cue.service.us-east-1.dynamic.clouddev.frgcloud.com,
acc-ci-5003-kubernetes-lkfqo.cue.service.us-east-1.dynamic.clouddev.frgcloud.com,
acc-ci-4982-kubernetes-nkcxx.cue.service.us-east-1.dynamic.clouddev.frgcloud.com,
acc-ci-4939-kubernetes-dusah.cue.service.us-east-1.dynamic.clouddev.frgcloud.com,
acc-ci-4916-kubernetes-tbtjy.cue.service.us-east-1.dynamic.clouddev.frgcloud.com,
acc-ci-5028-kubernetes-xmgxd.cue.service.us-east-1.dynamic.clouddev.frgcloud.com,
acc-ci-4952-kubernetes-cqhjj.cue.service.us-east-1.dynamic.clouddev.frgcloud.com,
acc-ci-4992-kubernetes-scwho.cue.service.us-east-1.dynamic.clouddev.frgcloud.com,
acc-ci-4982-kubernetes-wtrnc.cue.service.us-east-1.dynamic.clouddev.frgcloud.com,
acc-ci-4982-kubernetes-mmxjo.cue.service.us-east-1.dynamic.clouddev.frgcloud.com,
acc-ci-4982-kubernetes-dtdcq.cue.service.us-east-1.dynamic.clouddev.frgcloud.com,
acc-ci-5019-kubernetes-yvwoe.cue.service.us-east-1.dynamic.clouddev.frgcloud.com,
acc-ci-5028-kubernetes-lquig.cue.service.us-east-1.dynamic.clouddev.frgcloud.com,
acc-ci-5028-kubernetes-yuxro.cue.service.us-east-1.dynamic.clouddev.frgcloud.com,
acc-ci-5032-kubernetes-dfpfi.cue.service.us-east-1.dynamic.clouddev.frgcloud.com,
feature-kubernetes-all-but-dev-uat-master.mercedes-mb-osp-fe.staging.publicis-tech.io,
acc-ci-5003-kubernetes-ecbxb.cue.service.us-east-1.dynamic.clouddev.frgcloud.com,
acc-ci-4992-kubernetes-vxdem.cue.service.us-east-1.dynamic.clouddev.frgcloud.com,
acc-ci-5028-kubernetes-hqbws.cue.service.us-east-1.dynamic.clouddev.frgcloud.com,
tic-pu-kubernetes-fbaadb8e888c0870e704daaefde9a612-0000.eu-de.containers.appdomain.cloud,
acc-ci-4924-kubernetes-voqrh.flytest.service.us-east-1.dynamic.clouddev.frgcloud.com,
acc-ci-5003-kubernetes-retfs.flytest.service.us-east-1.dynamic.clouddev.frgcloud.com,
acc-ci-4982-kubernetes-fdsxp.flytest.service.us-east-1.dynamic.clouddev.frgcloud.com,
acc-ci-5032-kubernetes-hsyib.flytest.service.us-east-1.dynamic.clouddev.frgcloud.com,
acc-ci-5019-kubernetes-iiglw.cue.service.us-east-1.dynamic.clouddev.frgcloud.com,
acc-ci-4982-kubernetes-cuawg.cue.service.us-east-1.dynamic.clouddev.frgcloud.com,
acc-ci-4982-kubernetes-usafr.cue.service.us-east-1.dynamic.clouddev.frgcloud.com,
acc-ci-4982-kubernetes-jwojs.cue.service.us-east-1.dynamic.clouddev.frgcloud.com,
acc-ci-4942-kubernetes-lktan.cue.service.us-east-1.dynamic.clouddev.frgcloud.com,
acc-ci-4928-kubernetes-nvlku.cue.service.us-east-1.dynamic.clouddev.frgcloud.com,
acc-ci-4982-kubernetes-lqpxc.cue.service.us-east-1.dynamic.clouddev.frgcloud.com,
acc-ci-5028-kubernetes-ftfqm.cue.service.us-east-1.dynamic.clouddev.frgcloud.com,
acc-ci-5003-kubernetes-caird.cue.service.us-east-1.dynamic.clouddev.frgcloud.com,
acc-ci-5019-kubernetes-anlgx.cue.service.us-east-1.dynamic.clouddev.frgcloud.com,
acc-ci-5012-kubernetes-iyvkp.cue.service.us-east-1.dynamic.clouddev.frgcloud.com,
acc-ci-5019-kubernetes-vqknc.cue.service.us-east-1.dynamic.clouddev.frgcloud.com,
acc-ci-4985-kubernetes-klbjh.cue.service.us-east-1.dynamic.clouddev.frgcloud.com,
acc-ci-4982-kubernetes-wtkgp.cue.service.us-east-1.dynamic.clouddev.frgcloud.com,
acc-ci-5012-kubernetes-ajjok.cue.service.us-east-1.dynamic.clouddev.frgcloud.com,
acc-ci-4898-kubernetes-igvdy.cue.service.us-east-1.dynamic.clouddev.frgcloud.com,
acc-ci-5032-kubernetes-ryvjf.cue.service.us-east-1.dynamic.clouddev.frgcloud.com,
acc-ci-4985-kubernetes-ieqxb.cue.service.us-east-1.dynamic.clouddev.frgcloud.com,
acc-ci-5012-kubernetes-ltane.cue.service.us-east-1.dynamic.clouddev.frgcloud.com,
acc-ci-4898-kubernetes-enpln.cue.service.us-east-1.dynamic.clouddev.frgcloud.com,
acc-ci-4982-kubernetes-gdpkg.cue.service.us-east-1.dynamic.clouddev.frgcloud.com,
acc-ci-4985-kubernetes-yeekb.cue.service.us-east-1.dynamic.clouddev.frgcloud.com,
acc-ci-4950-kubernetes-eetka.cue.service.us-east-1.dynamic.clouddev.frgcloud.com,
acc-ci-4924-kubernetes-glvix.cue.service.us-east-1.dynamic.clouddev.frgcloud.com,
acc-ci-4985-kubernetes-nfxks.cue.service.us-east-1.dynamic.clouddev.frgcloud.com,
acc-ci-4982-kubernetes-soyeg.cue.service.us-east-1.dynamic.clouddev.frgcloud.com,
acc-ci-5012-kubernetes-orbib.cue.service.us-east-1.dynamic.clouddev.frgcloud.com,
acc-ci-5032-kubernetes-tswvq.cue.service.us-east-1.dynamic.clouddev.frgcloud.com,
acc-ci-4924-kubernetes-xtsxg.cue.service.us-east-1.dynamic.clouddev.frgcloud.com,
acc-ci-4982-kubernetes-vxdoq.cue.service.us-east-1.dynamic.clouddev.frgcloud.com,
acc-ci-4982-kubernetes-fqevj.flytest.service.us-east-1.dynamic.clouddev.frgcloud.com,
acc-ci-5003-kubernetes-ldhwm.flytest.service.us-east-1.dynamic.clouddev.frgcloud.com,
acc-ci-4962-kubernetes-irmhu.flytest.service.us-east-1.dynamic.clouddev.frgcloud.com,
acc-ci-5019-kubernetes-bioqm.flytest.service.us-east-1.dynamic.clouddev.frgcloud.com,
acc-ci-4982-kubernetes-bhcat.cue.service.us-east-1.dynamic.clouddev.frgcloud.com,
acc-ci-4992-kubernetes-pauda.cue.service.us-east-1.dynamic.clouddev.frgcloud.com,
acc-ci-4985-kubernetes-uojss.cue.service.us-east-1.dynamic.clouddev.frgcloud.com,
acc-ci-5003-kubernetes-hpfmn.cue.service.us-east-1.dynamic.clouddev.frgcloud.com,
acc-ci-5028-kubernetes-gkpbm.cue.service.us-east-1.dynamic.clouddev.frgcloud.com,
acc-ci-4924-kubernetes-oajer.cue.service.us-east-1.dynamic.clouddev.frgcloud.com,
acc-ci-5032-kubernetes-jhedq.cue.service.us-east-1.dynamic.clouddev.frgcloud.com,
acc-ci-4982-kubernetes-bannv.cue.service.us-east-1.dynamic.clouddev.frgcloud.com,
acc-ci-4992-kubernetes-jacms.cue.service.us-east-1.dynamic.clouddev.frgcloud.com,
acc-ci-4956-kubernetes-cqkvo.cue.service.us-east-1.dynamic.clouddev.frgcloud.com,
acc-ci-4982-kubernetes-oahrc.flytest.service.us-east-1.dynamic.clouddev.frgcloud.com,
acc-ci-5028-kubernetes-uteok.flytest.service.us-east-1.dynamic.clouddev.frgcloud.com,
acc-ci-5012-kubernetes-qvjsy.flytest.service.us-east-1.dynamic.clouddev.frgcloud.com,
acc-ci-4982-kubernetes-hpsnk.flytest.service.us-east-1.dynamic.clouddev.frgcloud.com,
acc-ci-4982-kubernetes-txalo.flytest.service.us-east-1.dynamic.clouddev.frgcloud.com,
acc-ci-4982-kubernetes-ptttq.flytest.service.us-east-1.dynamic.clouddev.frgcloud.com,
acc-ci-4982-kubernetes-adpyi.flytest.service.us-east-1.dynamic.clouddev.frgcloud.com,
acc-ci-4992-kubernetes-pmnja.flytest.service.us-east-1.dynamic.clouddev.frgcloud.com,
acc-ci-4924-kubernetes-vdosx.flytest.service.us-east-1.dynamic.clouddev.frgcloud.com,
acc-ci-4967-kubernetes-tnfbs.flytest.service.us-east-1.dynamic.clouddev.frgcloud.com,
acc-ci-4982-kubernetes-terrp.flytest.service.us-east-1.dynamic.clouddev.frgcloud.com,
acc-ci-5003-kubernetes-nmlar.flytest.service.us-east-1.dynamic.clouddev.frgcloud.com,
acc-ci-5003-kubernetes-iyylr.flytest.service.us-east-1.dynamic.clouddev.frgcloud.com,
acc-ci-4982-kubernetes-piwsi.flytest.service.us-east-1.dynamic.clouddev.frgcloud.com,
acc-ci-4982-kubernetes-vwukc.flytest.service.us-east-1.dynamic.clouddev.frgcloud.com,
acc-ci-4992-kubernetes-eyexm.flytest.service.us-east-1.dynamic.clouddev.frgcloud.com,
acc-ci-5019-kubernetes-iooxd.flytest.service.us-east-1.dynamic.clouddev.frgcloud.com,
acc-ci-5032-kubernetes-lnoaw.flytest.service.us-east-1.dynamic.clouddev.frgcloud.com,
acc-ci-4965-kubernetes-otiya.flytest.service.us-east-1.dynamic.clouddev.frgcloud.com,
acc-ci-4982-kubernetes-ypfvo.flytest.service.us-east-1.dynamic.clouddev.frgcloud.com,
acc-ci-4982-kubernetes-wmxyd.flytest.service.us-east-1.dynamic.clouddev.frgcloud.com,
acc-ci-4956-kubernetes-ixofa.flytest.service.us-east-1.dynamic.clouddev.frgcloud.com,
acc-ci-4982-kubernetes-onoag.flytest.service.us-east-1.dynamic.clouddev.frgcloud.com,
acc-ci-5028-kubernetes-mvcdf.flytest.service.us-east-1.dynamic.clouddev.frgcloud.com,
acc-ci-5032-kubernetes-uylaj.flytest.service.us-east-1.dynamic.clouddev.frgcloud.com,
acc-local-avoiski-kubernetes-owbkk.cue.service.us-east-1.dynamic.clouddev.frgcloud.com,
acc-local-ffrizzo-kubernetes-qtjua.cue.service.us-east-1.dynamic.clouddev.frgcloud.com,
acc-ci-5019-kubernetes-fqywt.flytest.service.us-east-1.dynamic.clouddev.frgcloud.com,
acc-ci-5028-kubernetes-jdxnd.flytest.service.us-east-1.dynamic.clouddev.frgcloud.com,
acc-ci-4946-kubernetes-nffmv.flytest.service.us-east-1.dynamic.clouddev.frgcloud.com,
acc-ci-5032-kubernetes-klngd.flytest.service.us-east-1.dynamic.clouddev.frgcloud.com,
acc-ci-4898-kubernetes-adnmu.flytest.service.us-east-1.dynamic.clouddev.frgcloud.com,
acc-ci-4898-kubernetes-dgfgv.flytest.service.us-east-1.dynamic.clouddev.frgcloud.com,
acc-ci-4950-kubernetes-ctubp.flytest.service.us-east-1.dynamic.clouddev.frgcloud.com,
acc-ci-4985-kubernetes-qeppf.flytest.service.us-east-1.dynamic.clouddev.frgcloud.com,
acc-ci-4985-kubernetes-ugpmd.flytest.service.us-east-1.dynamic.clouddev.frgcloud.com,
acc-ci-4982-kubernetes-oqtrn.flytest.service.us-east-1.dynamic.clouddev.frgcloud.com,
acc-ci-4985-kubernetes-lwufb.flytest.service.us-east-1.dynamic.clouddev.frgcloud.com,
acc-ci-4990-kubernetes-okkkr.flytest.service.us-east-1.dynamic.clouddev.frgcloud.com,
acc-ci-4992-kubernetes-kiiwt.flytest.service.us-east-1.dynamic.clouddev.frgcloud.com,
acc-ci-5012-kubernetes-yrmcc.flytest.service.us-east-1.dynamic.clouddev.frgcloud.com,
acc-ci-4939-kubernetes-hjlsy.flytest.service.us-east-1.dynamic.clouddev.frgcloud.com,
acc-ci-4957-kubernetes-ddlaw.flytest.service.us-east-1.dynamic.clouddev.frgcloud.com,
acc-ci-4935-kubernetes-prvwi.flytest.service.us-east-1.dynamic.clouddev.frgcloud.com,
acc-ci-4990-kubernetes-jlbbk.flytest.service.us-east-1.dynamic.clouddev.frgcloud.com,
acc-ci-4990-kubernetes-eolom.flytest.service.us-east-1.dynamic.clouddev.frgcloud.com,
acc-ci-4990-kubernetes-ohfll.flytest.service.us-east-1.dynamic.clouddev.frgcloud.com,
acc-ci-4982-kubernetes-cqqvr.flytest.service.us-east-1.dynamic.clouddev.frgcloud.com,
acc-ci-4982-kubernetes-mvpnu.flytest.service.us-east-1.dynamic.clouddev.frgcloud.com,
acc-ci-4928-kubernetes-nmanf.flytest.service.us-east-1.dynamic.clouddev.frgcloud.com,
acc-ci-4952-kubernetes-hnxru.flytest.service.us-east-1.dynamic.clouddev.frgcloud.com,
acc-ci-4990-kubernetes-lelmj.flytest.service.us-east-1.dynamic.clouddev.frgcloud.com,
acc-ci-4942-kubernetes-pdrex.flytest.service.us-east-1.dynamic.clouddev.frgcloud.com,
acc-ci-4985-kubernetes-ggpch.flytest.service.us-east-1.dynamic.clouddev.frgcloud.com,
acc-ci-4982-kubernetes-bhnlm.flytest.service.us-east-1.dynamic.clouddev.frgcloud.com,
tic-pu-kubernetes-fbaadb8e888c0870e704daaefde9a612-0001.eu-de.containers.appdomain.cloud,
acc-ci-4992-kubernetes-wovom.flytest.service.us-east-1.dynamic.clouddev.frgcloud.com,
acc-ci-4982-kubernetes-ofaga.flytest.service.us-east-1.dynamic.clouddev.frgcloud.com,
acc-ci-4982-kubernetes-spfjb.flytest.service.us-east-1.dynamic.clouddev.frgcloud.com,
acc-ci-4916-kubernetes-ilifd.flytest.service.us-east-1.dynamic.clouddev.frgcloud.com,
acc-local-ffrizzo-kubernetes-hsgle.cue.service.us-east-1.dynamic.clouddev.frgcloud.com,
acc-ci-5003-kubernetes-yxuvo.flytest.service.us-east-1.dynamic.clouddev.frgcloud.com,
acc-ci-5028-kubernetes-cissr.flytest.service.us-east-1.dynamic.clouddev.frgcloud.com,
acc-ci-5032-kubernetes-oxpud.flytest.service.us-east-1.dynamic.clouddev.frgcloud.com,
acc-local-ffrizzo-kubernetes-jywfu.cue.service.us-east-1.dynamic.clouddev.frgcloud.com,
acc-local-ffrizzo-kubernetes-mbvak.cue.service.us-east-1.dynamic.clouddev.frgcloud.com,
acc-local-ffrizzo-kubernetes-nvnaq.cue.service.us-east-1.dynamic.clouddev.frgcloud.com,
acc-local-avoiski-kubernetes-jecte.cue.service.us-east-1.dynamic.clouddev.frgcloud.com,
acc-local-ffrizzo-kubernetes-xxfwe.cue.service.us-east-1.dynamic.clouddev.frgcloud.com,
acc-local-ffrizzo-kubernetes-ljaop.flytest.service.us-east-1.dynamic.clouddev.frgcloud.com,
acc-local-ffrizzo-kubernetes-fdvra.flytest.service.us-east-1.dynamic.clouddev.frgcloud.com,
acc-local-ffrizzo-kubernetes-niqoq.flytest.service.us-east-1.dynamic.clouddev.frgcloud.com,
acc-local-ffrizzo-kubernetes-wgpcf.flytest.service.us-east-1.dynamic.clouddev.frgcloud.com,
acc-local-ffrizzo-kubernetes-vojnn.flytest.service.us-east-1.dynamic.clouddev.frgcloud.com,
acc-local-ffrizzo-kubernetes-yuycg.flytest.service.us-east-1.dynamic.clouddev.frgcloud.com,
acc-local-ffrizzo-kubernetes-rsvks.flytest.service.us-east-1.dynamic.clouddev.frgcloud.com,
acc-local-ffrizzo-kubernetes-vmqwn.flytest.service.us-east-1.dynamic.clouddev.frgcloud.com,
acc-local-ffrizzo-kubernetes-uquba.flytest.service.us-east-1.dynamic.clouddev.frgcloud.com,
acc-local-ffrizzo-kubernetes-hefde.flytest.service.us-east-1.dynamic.clouddev.frgcloud.com,
acc-local-ffrizzo-kubernetes-vglfi.flytest.service.us-east-1.dynamic.clouddev.frgcloud.com,
acc-local-avoiski-kubernetes-rdlct.flytest.service.us-east-1.dynamic.clouddev.frgcloud.com,
acc-local-avoiski-kubernetes-atqkg.flytest.service.us-east-1.dynamic.clouddev.frgcloud.com,
acc-local-lritter-kubernetes-xcwco.cue.service.us-east-1.dynamic.clouddev.frgcloud.com,
acc-local-ffrizzo-kubernetes-rekmc.flytest.service.us-east-1.dynamic.clouddev.frgcloud.com,
acc-local-ffrizzo-kubernetes-moofx.flytest.service.us-east-1.dynamic.clouddev.frgcloud.com,
acc-local-ffrizzo-kubernetes-ptvnx.flytest.service.us-east-1.dynamic.clouddev.frgcloud.com,
acc-local-ffrizzo-kubernetes-pgfct.flytest.service.us-east-1.dynamic.clouddev.frgcloud.com,
acc-local-ffrizzo-kubernetes-agoas.flytest.service.us-east-1.dynamic.clouddev.frgcloud.com,
acc-local-ffrizzo-kubernetes-tqdta.flytest.service.us-east-1.dynamic.clouddev.frgcloud.com,
acc-local-ffrizzo-kubernetes-gckjm.cue.service.us-east-1.dynamic.clouddev.frgcloud.com,
allmakes-kubernetes-c28593f16c7ffc2da2478ec3597c51b5-0000.eu-de.containers.appdomain.cloud,
acc-local-ffrizzo-kubernetes-kxxon.cue.service.us-east-1.dynamic.clouddev.frgcloud.com,
acc-local-ffrizzo-kubernetes-tjkis.flytest.service.us-east-1.dynamic.clouddev.frgcloud.com,
acc-local-ffrizzo-kubernetes-ssxak.flytest.service.us-east-1.dynamic.clouddev.frgcloud.com,
acc-local-ffrizzo-kubernetes-djybj.flytest.service.us-east-1.dynamic.clouddev.frgcloud.com,
acc-local-ffrizzo-kubernetes-nnxvs.flytest.service.us-east-1.dynamic.clouddev.frgcloud.com,
acc-local-ffrizzo-kubernetes-impwg.flytest.service.us-east-1.dynamic.clouddev.frgcloud.com,
acc-local-ffrizzo-kubernetes-fllka.flytest.service.us-east-1.dynamic.clouddev.frgcloud.com,
acc-local-ffrizzo-kubernetes-qppfg.flytest.service.us-east-1.dynamic.clouddev.frgcloud.com,
acc-local-lritter-kubernetes-trdym.flytest.service.us-east-1.dynamic.clouddev.frgcloud.com,
acc-local-ffrizzo-kubernetes-hjmvy.flytest.service.us-east-1.dynamic.clouddev.frgcloud.com,
acc-local-ffrizzo-kubernetes-jwsau.flytest.service.us-east-1.dynamic.clouddev.frgcloud.com,
acc-local-ffrizzo-kubernetes-ldlfl.flytest.service.us-east-1.dynamic.clouddev.frgcloud.com,
kubernetes-cluster-domi-9f68e0f5e592041ec08695ee1ae2a573-0000.eu-de.containers.appdomain.cloud,
acc-local-ffrizzo-kubernetes-omjor.flytest.service.us-east-1.dynamic.clouddev.frgcloud.com,
acc-local-ffrizzo-kubernetes-xbhvb.flytest.service.us-east-1.dynamic.clouddev.frgcloud.com,
acc-local-ffrizzo-kubernetes-tdauc.flytest.service.us-east-1.dynamic.clouddev.frgcloud.com,
acc-local-ffrizzo-kubernetes-bvppm.flytest.service.us-east-1.dynamic.clouddev.frgcloud.com,
acc-local-ffrizzo-kubernetes-whtbw.flytest.service.us-east-1.dynamic.clouddev.frgcloud.com,
acc-local-ffrizzo-kubernetes-waose.flytest.service.us-east-1.dynamic.clouddev.frgcloud.com,
acc-local-ffrizzo-kubernetes-fckyi.flytest.service.us-east-1.dynamic.clouddev.frgcloud.com,
acc-local-lritter-kubernetes-gmdbc.flytest.service.us-east-1.dynamic.clouddev.frgcloud.com,
acc-local-ffrizzo-kubernetes-nkrvb.flytest.service.us-east-1.dynamic.clouddev.frgcloud.com,
acc-local-avoiski-kubernetes-snanw.flytest.service.us-east-1.dynamic.clouddev.frgcloud.com,
acc-local-avoiski-kubernetes-iwdav.flytest.service.us-east-1.dynamic.clouddev.frgcloud.com,
prod-ohpc-dmz-kubernetes-0f45d0202c53b9d92d7afc3d857392ef-0000.eu-de.containers.appdomain.cloud,
acc-local-ffrizzo-kubernetes-rgfdw.cue.service.us-east-1.dynamic.clouddev.frgcloud.com,
acc-local-ffrizzo-kubernetes-qsbft.cue.service.us-east-1.dynamic.clouddev.frgcloud.com,
acc-local-ffrizzo-kubernetes-cnclh.cue.service.us-east-1.dynamic.clouddev.frgcloud.com,
acc-local-ffrizzo-kubernetes-wdoqt.flytest.service.us-east-1.dynamic.clouddev.frgcloud.com,
acc-local-ffrizzo-kubernetes-udskf.flytest.service.us-east-1.dynamic.clouddev.frgcloud.com,
acc-local-lritter-kubernetes-bbtir.flytest.service.us-east-1.dynamic.clouddev.frgcloud.com,
acc-local-ffrizzo-kubernetes-qnboe.flytest.service.us-east-1.dynamic.clouddev.frgcloud.com,
acc-local-ffrizzo-kubernetes-tqsuw.flytest.service.us-east-1.dynamic.clouddev.frgcloud.com,
acc-local-ffrizzo-kubernetes-qopqh.flytest.service.us-east-1.dynamic.clouddev.frgcloud.com,
acc-local-avoiski-kubernetes-qslja.flytest.service.us-east-1.dynamic.clouddev.frgcloud.com,
acc-local-ffrizzo-kubernetes-intfo.flytest.service.us-east-1.dynamic.clouddev.frgcloud.com,
acc-local-ffrizzo-kubernetes-ibwai.flytest.service.us-east-1.dynamic.clouddev.frgcloud.com,
acc-local-ffrizzo-kubernetes-bbusq.flytest.service.us-east-1.dynamic.clouddev.frgcloud.com,
acc-local-ffrizzo-kubernetes-paomc.flytest.service.us-east-1.dynamic.clouddev.frgcloud.com,
acc-local-ffrizzo-kubernetes-bhbsi.flytest.service.us-east-1.dynamic.clouddev.frgcloud.com,
acc-local-ffrizzo-kubernetes-oxtur.flytest.service.us-east-1.dynamic.clouddev.frgcloud.com,
acc-local-ffrizzo-kubernetes-mmbpi.flytest.service.us-east-1.dynamic.clouddev.frgcloud.com,
acc-local-ffrizzo-kubernetes-mxuoq.flytest.service.us-east-1.dynamic.clouddev.frgcloud.com,
kubernetes-tripezone1wo-aae7803756c1c5c3b64919088e537924-0000.us-south.containers.appdomain.cloud,
acc-local-ffrizzo-kubernetes-mvoaj.flytest.service.us-east-1.dynamic.clouddev.frgcloud.com,
acc-local-ffrizzo-kubernetes-fjfgp.flytest.service.us-east-1.dynamic.clouddev.frgcloud.com,
acc-local-ffrizzo-kubernetes-nwbxo.flytest.service.us-east-1.dynamic.clouddev.frgcloud.com,
acc-local-ffrizzo-kubernetes-uuqhg.flytest.service.us-east-1.dynamic.clouddev.frgcloud.com,
acc-local-ffrizzo-kubernetes-aigtv.flytest.service.us-east-1.dynamic.clouddev.frgcloud.com,
acc-local-ffrizzo-kubernetes-rkeqt.flytest.service.us-east-1.dynamic.clouddev.frgcloud.com,
acc-local-ffrizzo-kubernetes-onynw.flytest.service.us-east-1.dynamic.clouddev.frgcloud.com,
acc-local-ffrizzo-kubernetes-blpum.flytest.service.us-east-1.dynamic.clouddev.frgcloud.com,
acc-local-ffrizzo-kubernetes-vcmdl.flytest.service.us-east-1.dynamic.clouddev.frgcloud.com,
acc-local-ffrizzo-kubernetes-latdo.flytest.service.us-east-1.dynamic.clouddev.frgcloud.com,
acc-local-ffrizzo-kubernetes-fxxec.flytest.service.us-east-1.dynamic.clouddev.frgcloud.com,
acc-local-avoiski-kubernetes-vgvkx.flytest.service.us-east-1.dynamic.clouddev.frgcloud.com,
acc-local-ffrizzo-kubernetes-rppcq.flytest.service.us-east-1.dynamic.clouddev.frgcloud.com,
acc-local-ffrizzo-kubernetes-kqqjd.flytest.service.us-east-1.dynamic.clouddev.frgcloud.com,
acc-local-ffrizzo-kubernetes-tmogy.flytest.service.us-east-1.dynamic.clouddev.frgcloud.com,
acc-local-ffrizzo-kubernetes-vunuh.flytest.service.us-east-1.dynamic.clouddev.frgcloud.com,
acc-local-ffrizzo-kubernetes-dgkey.flytest.service.us-east-1.dynamic.clouddev.frgcloud.com,
acc-local-avoiski-kubernetes-exnyc.flytest.service.us-east-1.dynamic.clouddev.frgcloud.com,
kubernetes-spark-2-dal-1ed59d39e2a979be2afcf125ffc6c1a6-0000.us-south.containers.appdomain.cloud,
acc-local-ffrizzo-kubernetes-csytd.flytest.service.us-east-1.dynamic.clouddev.frgcloud.com,
acc-local-ffrizzo-kubernetes-sigcd.flytest.service.us-east-1.dynamic.clouddev.frgcloud.com,
acc-local-ffrizzo-kubernetes-aywsi.flytest.service.us-east-1.dynamic.clouddev.frgcloud.com,
acc-local-ffrizzo-kubernetes-adtyq.flytest.service.us-east-1.dynamic.clouddev.frgcloud.com,
acc-local-ffrizzo-kubernetes-urygu.flytest.service.us-east-1.dynamic.clouddev.frgcloud.com,
bjoernskubernetescluster-9f68e0f5e592041ec08695ee1ae2a573-0000.eu-de.containers.appdomain.cloud,
acc-local-ffrizzo-kubernetes-mewam.flytest.service.us-east-1.dynamic.clouddev.frgcloud.com,
acc-local-ffrizzo-kubernetes-kjira.flytest.service.us-east-1.dynamic.clouddev.frgcloud.com,
acc-local-ffrizzo-kubernetes-efrnb.flytest.service.us-east-1.dynamic.clouddev.frgcloud.com,
acc-local-ffrizzo-kubernetes-bniph.flytest.service.us-east-1.dynamic.clouddev.frgcloud.com,
acc-local-ffrizzo-kubernetes-jjhpp.flytest.service.us-east-1.dynamic.clouddev.frgcloud.com,
acc-local-ffrizzo-kubernetes-cusme.flytest.service.us-east-1.dynamic.clouddev.frgcloud.com,
acc-local-ffrizzo-kubernetes-axeog.flytest.service.us-east-1.dynamic.clouddev.frgcloud.com,
acc-local-ffrizzo-kubernetes-kweuh.flytest.service.us-east-1.dynamic.clouddev.frgcloud.com,
acc-local-ffrizzo-kubernetes-vtsnf.flytest.service.us-east-1.dynamic.clouddev.frgcloud.com,
acc-local-ffrizzo-kubernetes-oyhlm.flytest.service.us-east-1.dynamic.clouddev.frgcloud.com,
acc-local-ffrizzo-kubernetes-qlwyl.flytest.service.us-east-1.dynamic.clouddev.frgcloud.com,
acc-local-ffrizzo-kubernetes-ritgp.flytest.service.us-east-1.dynamic.clouddev.frgcloud.com,
acc-local-ffrizzo-kubernetes-weibp.flytest.service.us-east-1.dynamic.clouddev.frgcloud.com,
acc-local-ffrizzo-kubernetes-bljwl.flytest.service.us-east-1.dynamic.clouddev.frgcloud.com,
acc-local-ffrizzo-kubernetes-uuwqd.flytest.service.us-east-1.dynamic.clouddev.frgcloud.com,
acc-local-lritter-kubernetes-rfehi.flytest.service.us-east-1.dynamic.clouddev.frgcloud.com,
acc-local-ffrizzo-kubernetes-eplmo.flytest.service.us-east-1.dynamic.clouddev.frgcloud.com,
acc-local-ffrizzo-kubernetes-qehea.flytest.service.us-east-1.dynamic.clouddev.frgcloud.com,
acc-local-ffrizzo-kubernetes-bumca.flytest.service.us-east-1.dynamic.clouddev.frgcloud.com,
acc-local-ffrizzo-kubernetes-kisvm.flytest.service.us-east-1.dynamic.clouddev.frgcloud.com,
acc-local-ffrizzo-kubernetes-anrow.flytest.service.us-east-1.dynamic.clouddev.frgcloud.com,
acc-local-ffrizzo-kubernetes-lxlnc.flytest.service.us-east-1.dynamic.clouddev.frgcloud.com,
acc-local-ffrizzo-kubernetes-yaujy.flytest.service.us-east-1.dynamic.clouddev.frgcloud.com,
acc-local-ffrizzo-kubernetes-keuxf.flytest.service.us-east-1.dynamic.clouddev.frgcloud.com,
acc-local-ffrizzo-kubernetes-pfoht.flytest.service.us-east-1.dynamic.clouddev.frgcloud.com,
kubernetesdual1worker-aae7803756c1c5c3b64919088e537924-0000.us-south.containers.appdomain.cloud,
myvpcclusterkubernetes-aae7803756c1c5c3b64919088e537924-0000.us-south.containers.appdomain.cloud,
acc-local-ffrizzo-kubernetes-wpbax.flytest.service.us-east-1.dynamic.clouddev.frgcloud.com,
acc-local-ffrizzo-kubernetes-erlbs.flytest.service.us-east-1.dynamic.clouddev.frgcloud.com,
acc-local-ffrizzo-kubernetes-sdhcb.flytest.service.us-east-1.dynamic.clouddev.frgcloud.com,
acc-local-ffrizzo-kubernetes-xplkd.flytest.service.us-east-1.dynamic.clouddev.frgcloud.com,
acc-local-ffrizzo-kubernetes-jrkyf.flytest.service.us-east-1.dynamic.clouddev.frgcloud.com,
acc-local-ffrizzo-kubernetes-yggyp.flytest.service.us-east-1.dynamic.clouddev.frgcloud.com,
acc-local-ffrizzo-kubernetes-pctrh.flytest.service.us-east-1.dynamic.clouddev.frgcloud.com,
acc-local-ffrizzo-kubernetes-lyyyi.flytest.service.us-east-1.dynamic.clouddev.frgcloud.com,
acc-local-ffrizzo-kubernetes-xpqwy.flytest.service.us-east-1.dynamic.clouddev.frgcloud.com,
acc-local-ffrizzo-kubernetes-hhjae.flytest.service.us-east-1.dynamic.clouddev.frgcloud.com,
acc-local-ffrizzo-kubernetes-ucuqr.flytest.service.us-east-1.dynamic.clouddev.frgcloud.com,
acc-local-ffrizzo-kubernetes-rlnxu.flytest.service.us-east-1.dynamic.clouddev.frgcloud.com,
acc-local-ffrizzo-kubernetes-lutbi.flytest.service.us-east-1.dynamic.clouddev.frgcloud.com,
acc-local-ffrizzo-kubernetes-kuiib.flytest.service.us-east-1.dynamic.clouddev.frgcloud.com,
acc-local-ffrizzo-kubernetes-iopdr.flytest.service.us-east-1.dynamic.clouddev.frgcloud.com,
acc-local-ffrizzo-kubernetes-ytivt.flytest.service.us-east-1.dynamic.clouddev.frgcloud.com,
acc-local-ffrizzo-kubernetes-hnfvo.flytest.service.us-east-1.dynamic.clouddev.frgcloud.com,
kubernetes-tripezone-aae7803756c1c5c3b64919088e537924-0000.us-south.containers.appdomain.cloud,
acc-local-ffrizzo-kubernetes-rahpk.flytest.service.us-east-1.dynamic.clouddev.frgcloud.com,
acc-local-ffrizzo-kubernetes-wnids.flytest.service.us-east-1.dynamic.clouddev.frgcloud.com,
acc-local-ffrizzo-kubernetes-oddma.flytest.service.us-east-1.dynamic.clouddev.frgcloud.com,
acc-local-ffrizzo-kubernetes-ahixj.flytest.service.us-east-1.dynamic.clouddev.frgcloud.com,
acc-local-ffrizzo-kubernetes-wbdnf.flytest.service.us-east-1.dynamic.clouddev.frgcloud.com,
acc-local-ffrizzo-kubernetes-entpk.flytest.service.us-east-1.dynamic.clouddev.frgcloud.com,
acc-local-ffrizzo-kubernetes-lsdgl.flytest.service.us-east-1.dynamic.clouddev.frgcloud.com,
acc-local-ffrizzo-kubernetes-wigvp.flytest.service.us-east-1.dynamic.clouddev.frgcloud.com,
acc-local-ffrizzo-kubernetes-hlrna.flytest.service.us-east-1.dynamic.clouddev.frgcloud.com,
acc-local-ffrizzo-kubernetes-lsayi.flytest.service.us-east-1.dynamic.clouddev.frgcloud.com,
acc-local-ffrizzo-kubernetes-hngxf.flytest.service.us-east-1.dynamic.clouddev.frgcloud.com,
acc-local-ffrizzo-kubernetes-qmpji.flytest.service.us-east-1.dynamic.clouddev.frgcloud.com,
acc-local-avoiski-kubernetes-uevuk.flytest.service.us-east-1.dynamic.clouddev.frgcloud.com,
acc-local-ffrizzo-kubernetes-bdvss.flytest.service.us-east-1.dynamic.clouddev.frgcloud.com,
kubernetes-0500007-prod-5a477959844b4e69c42555e8e92270e7-0000.eu-de.containers.appdomain.cloud,
acc-local-ffrizzo-kubernetes-pkpeo.flytest.service.us-east-1.dynamic.clouddev.frgcloud.com,
acc-local-ffrizzo-kubernetes-timmg.flytest.service.us-east-1.dynamic.clouddev.frgcloud.com,
acc-local-ffrizzo-kubernetes-xrjlc.flytest.service.us-east-1.dynamic.clouddev.frgcloud.com,
acc-local-ffrizzo-kubernetes-vlnoq.flytest.service.us-east-1.dynamic.clouddev.frgcloud.com,
acc-local-ffrizzo-kubernetes-cocvt.flytest.service.us-east-1.dynamic.clouddev.frgcloud.com,
acc-local-ffrizzo-kubernetes-bnmlm.flytest.service.us-east-1.dynamic.clouddev.frgcloud.com,
acc-local-ffrizzo-kubernetes-espnb.flytest.service.us-east-1.dynamic.clouddev.frgcloud.com,
acc-local-ffrizzo-kubernetes-roolm.flytest.service.us-east-1.dynamic.clouddev.frgcloud.com,
acc-local-ffrizzo-kubernetes-vsafq.flytest.service.us-east-1.dynamic.clouddev.frgcloud.com,
acc-local-ffrizzo-kubernetes-nwdbd.flytest.service.us-east-1.dynamic.clouddev.frgcloud.com,
acc-local-ffrizzo-kubernetes-outxu.flytest.service.us-east-1.dynamic.clouddev.frgcloud.com,
acc-local-avoiski-kubernetes-lurin.flytest.service.us-east-1.dynamic.clouddev.frgcloud.com,
acc-local-ffrizzo-kubernetes-hdquy.flytest.service.us-east-1.dynamic.clouddev.frgcloud.com,
acc-local-ffrizzo-kubernetes-jqtsk.flytest.service.us-east-1.dynamic.clouddev.frgcloud.com,
acc-local-ffrizzo-kubernetes-pxkgv.flytest.service.us-east-1.dynamic.clouddev.frgcloud.com,
acc-local-ffrizzo-kubernetes-rvnfm.flytest.service.us-east-1.dynamic.clouddev.frgcloud.com,
acc-local-ffrizzo-kubernetes-abaiq.flytest.service.us-east-1.dynamic.clouddev.frgcloud.com,
acc-local-ffrizzo-kubernetes-cjsfa.flytest.service.us-east-1.dynamic.clouddev.frgcloud.com,
acc-local-ffrizzo-kubernetes-xjmxb.flytest.service.us-east-1.dynamic.clouddev.frgcloud.com,
acc-local-ffrizzo-kubernetes-qrfkn.flytest.service.us-east-1.dynamic.clouddev.frgcloud.com,
acc-local-avoiski-kubernetes-qhrks.flytest.service.us-east-1.dynamic.clouddev.frgcloud.com,
acc-local-ffrizzo-kubernetes-iadmv.flytest.service.us-east-1.dynamic.clouddev.frgcloud.com,
kubernetes15april-dual-aae7803756c1c5c3b64919088e537924-0000.us-south.containers.appdomain.cloud,
acc-local-ffrizzo-kubernetes-ujlxl.flytest.service.us-east-1.dynamic.clouddev.frgcloud.com,
acc-local-ffrizzo-kubernetes-jiwyv.flytest.service.us-east-1.dynamic.clouddev.frgcloud.com,
acc-local-ffrizzo-kubernetes-sdecd.flytest.service.us-east-1.dynamic.clouddev.frgcloud.com,
acc-local-ffrizzo-kubernetes-buuux.flytest.service.us-east-1.dynamic.clouddev.frgcloud.com,
acc-local-ffrizzo-kubernetes-nbktq.flytest.service.us-east-1.dynamic.clouddev.frgcloud.com,
acc-local-ffrizzo-kubernetes-cwmtk.flytest.service.us-east-1.dynamic.clouddev.frgcloud.com,
acc-local-ffrizzo-kubernetes-emqwc.flytest.service.us-east-1.dynamic.clouddev.frgcloud.com,
acc-local-avoiski-kubernetes-smmrx.flytest.service.us-east-1.dynamic.clouddev.frgcloud.com,
acc-local-ffrizzo-kubernetes-ubdmu.flytest.service.us-east-1.dynamic.clouddev.frgcloud.com,
acc-local-ffrizzo-kubernetes-ppxsa.flytest.service.us-east-1.dynamic.clouddev.frgcloud.com,
acc-local-ffrizzo-kubernetes-irkgv.flytest.service.us-east-1.dynamic.clouddev.frgcloud.com,
acc-local-ffrizzo-kubernetes-knfmc.flytest.service.us-east-1.dynamic.clouddev.frgcloud.com,
acc-local-ffrizzo-kubernetes-matse.flytest.service.us-east-1.dynamic.clouddev.frgcloud.com,
acc-local-ffrizzo-kubernetes-wtuld.flytest.service.us-east-1.dynamic.clouddev.frgcloud.com,
acc-local-ffrizzo-kubernetes-mbcvn.flytest.service.us-east-1.dynamic.clouddev.frgcloud.com,
acc-local-ffrizzo-kubernetes-urvjr.flytest.service.us-east-1.dynamic.clouddev.frgcloud.com,
myvpcclusterkubernetesiks-ac9d18236d40089d5792327082aff2c7-0000.us-south.containers.appdomain.cloud,
acc-local-ffrizzo-kubernetes-tldqd.flytest.service.us-east-1.dynamic.clouddev.frgcloud.com,
acc-local-ffrizzo-kubernetes-xxjta.flytest.service.us-east-1.dynamic.clouddev.frgcloud.com,
acc-local-ffrizzo-kubernetes-qitof.flytest.service.us-east-1.dynamic.clouddev.frgcloud.com,
acc-local-ffrizzo-kubernetes-lusif.flytest.service.us-east-1.dynamic.clouddev.frgcloud.com,
acc-local-ffrizzo-kubernetes-urpgg.flytest.service.us-east-1.dynamic.clouddev.frgcloud.com,
acc-local-ffrizzo-kubernetes-nxppg.flytest.service.us-east-1.dynamic.clouddev.frgcloud.com,
acc-local-ffrizzo-kubernetes-rydlo.flytest.service.us-east-1.dynamic.clouddev.frgcloud.com,
acc-local-ffrizzo-kubernetes-npfjw.flytest.service.us-east-1.dynamic.clouddev.frgcloud.com,
acc-local-ffrizzo-kubernetes-gjglf.flytest.service.us-east-1.dynamic.clouddev.frgcloud.com,
acc-local-ffrizzo-kubernetes-vnqeg.flytest.service.us-east-1.dynamic.clouddev.frgcloud.com,
acc-local-ffrizzo-kubernetes-xkjly.flytest.service.us-east-1.dynamic.clouddev.frgcloud.com,
acc-local-ffrizzo-kubernetes-vwuyy.flytest.service.us-east-1.dynamic.clouddev.frgcloud.com,
acc-local-ffrizzo-kubernetes-knbpj.flytest.service.us-east-1.dynamic.clouddev.frgcloud.com,
acc-local-ffrizzo-kubernetes-oewyo.flytest.service.us-east-1.dynamic.clouddev.frgcloud.com,
acc-local-ffrizzo-kubernetes-aasmj.flytest.service.us-east-1.dynamic.clouddev.frgcloud.com,
acc-local-ffrizzo-kubernetes-sssqi.flytest.service.us-east-1.dynamic.clouddev.frgcloud.com,
acc-local-ffrizzo-kubernetes-hbrth.flytest.service.us-east-1.dynamic.clouddev.frgcloud.com,
myvpcclusterkubernetes-tt-ac9d18236d40089d5792327082aff2c7-0000.us-south.containers.appdomain.cloud,
ms-vpcclusterkubernetes-aae7803756c1c5c3b64919088e537924-0000.us-south.containers.appdomain.cloud,
kubernetes15aprilsingle-aae7803756c1c5c3b64919088e537924-0000.us-south.containers.appdomain.cloud,
myvpcclusterkubernetes12-aae7803756c1c5c3b64919088e537924-0000.us-south.containers.appdomain.cloud,
homeappliancekubernetes-5cac6c018a836fa4d93ab42f4b0d845a-0000.us-south.containers.appdomain.cloud,
cloudrock-cicd-kubernetes-576fccc9ae6a376a3c3284d61e75d6c2-0000.us-south.containers.appdomain.cloud,