domainName,
openstack.mathijsvanveluw.nl,
openstack.unam.mx,
openstack.anchorfree.net,
openstack.dariozanzico.com,
openstack.dmhost.ch,
openstack.estaminas.com.br,
openstack.home-network.io,
openstack.pt-infra.net,
openstack.bargery.com,
openstack.essi-lab.eu,
openstack.peritus.ai,
openstack.openio.io,
openstack.silich.ovh,
openstack.psolru.dev,
openstack.ssns.se,
openstack.packstack.ru,
openstack.engageska-portugal.pt,
openstack.ataraxie.fr,
openstack.arctur.si,
openstack.blockchainlab.tk,
openstack.compunet.in,
openstack.ddo.net,
openstack.devlabs.org,
openstack.enovationlabs.nl,
openstack.freebit.net,
openstack.furiusz.pl,
openstack.genouest.org,
openstack.gsp-france-lab.com,
openstack.imstatic.com,
openstack.intention.cloud,
openstack.mart.best,
openstack.metrabyte.cloud,
openstack.miyw.de,
openstack.nctu.edu.tw,
openstack.paloitcloud.com.sg,
openstack.rosetti.club,
openstack.scripps.edu,
openstack.simai.org,
openstack.teipir.gr,
openstack.tfe.nl,
openstack.windcloud.io,
openstack.actimage.cloud,
openstack.devzero.co.za,
openstack.echorequest.info,
openstack.yorkserv.com,
openstack.cegeka.com,
openstack.dragontek.net,
openstack.ens-fiti.de,
openstack.fuseboat.co,
openstack.hml.org.il,
openstack.lethienbao.name.vn,
openstack.ncf.ca,
openstack.noponies4u.com,
openstack.summit-hosting.co.uk,
openstack.telenet.lv,
openstack.telesp.net.br,
openstack.tetaneutral.net,
openstack.csdn.net,
openstack.ibnou.net,
openstack.fastserverapi.com,
openstack.stoney-wiki.com,
openstack.therealpbx.co.in,
openstack.formstack.com,
openstack.stakater.com,
openstack.as203038.net,
openstack.brevityqa.net,
openstack.man.szczecin.pl,
openstack.obscloud.co.za,
openstack.t82.co,
openstack.tschreijer.nl,
openstack.yourcloud.express,
openstack.density.io,
openstack.excite.ad.jp,
openstack.ezer.ca,
openstack.pp-it.cloud,
openstack.privatewolke.com,
openstack.redhat.com,
openstack.laurensit.net,
openstack.itgix.com,
openstack.arcanebyte.com,
openstack.wehaveservers.com,
openstack.zendesk.com,
openstack.indeed.net,
openstack.byrio.tech,
openstack.datr.eu,
openstack.dtdns.net,
openstack.innovativeio.us,
openstack.kangaroot.net,
openstack.modares.ac.ir,
openstack.pisamonas.es,
openstack.serverturbo.de,
openstack.simplelinks.in,
openstack.swine.de,
openstack.sysadmin.co.kr,
openstack.cibersys.cloud,
openstack.onoffmix.com,
openstack.bos.cloud,
openstack.aapil.com,
openstack.chtrse.com,
openstack.prov12n.com,
openstack.orion-os.eu,
openstack.cloud-fortress.com,
openstack.weeble.tech,
openstack.cenneo.com,
openstack.puhanda.com,
openstack.cantho.gov.vn,
openstack.canastack.com,
openstack.cpanelcontrolpanel.com,
openstack.cunninghamshane.com,
openstack.dotmanaged.eu,
openstack.dragontek.com,
openstack.echosign.com,
openstack.genesishosting.com,
openstack.kimmlingen-online.com,
openstack.r1rj.com,
openstack.server-reserve.com,
openstack.sfxworks.net,
openstack.spiralfiber.com,
openstack.ultrazoom.ru,
openstack.wiaapp.cn,
openstack.bitsathy.ac.in,
openstack.fortnebula.com,
openstack.ubiwhere.com,
openstack.beehivespecialty.com,
openstack.magichostcloud.com,
openstack.quantbench.io,
openstack.dataguru.cn,
openstack.leviracloud.eu,
openstack.codeurjc.es,
openstack.esu10.org,
openstack.hostworks.com.au,
openstack.kropachev.pro,
openstack.link3.net,
openstack.noc-noc.de,
openstack.seacom.com,
openstack.servehttp.com,
openstack.sportsbookcloud.com,
openstack.stfc.ac.uk,
openstack.zebrastack.com,
openstack.benmad.eu,
openstack.gtflixtv.com,
openstack.hostnode.io,
openstack.deutnet.info,
openstack.novorosinform.org,
openstack.gbnetwork.cloud,
openstack.linuxjoy.in,
openstack.nonazdar.sk,
openstack.u4learn.it,
openstack.russler.app,
openstack.devrtb.com,
openstack.hzdr.de,
openstack.radut.xyz,
openstack.haitech.be,
openstack.jambit.com,
openstack.andyneeb.com,
openstack.ashnazg.com,
openstack.dtxlab.net,
openstack.dualtec.com.br,
openstack.go2group.tech,
openstack.icute.app,
openstack.nohup.it,
openstack.o2its.cz,
openstack.puas.gr,
openstack.spyderweb.us,
openstack.tjo.cloud,
openstack.smartcode.com,
openstack.blafasel.cc,
openstack.deiter.ru,
openstack.brainstam.com,
openstack.millgroup.club,
openstack.infcs.de,
openstack.topgeek.org,
openstack.aci.com.pl,
openstack.alphatrots.nl,
openstack.assist.ro,
openstack.cloudinfrastack.com,
openstack.ddfcloud.com,
openstack.ddns.net,
openstack.enian.co,
openstack.jsc.cloud,
openstack.kmwphus.com,
openstack.majestik.org,
openstack.o2.cz,
openstack.ogontaro.com,
openstack.php-x.com,
openstack.test.com,
openstack.u-strasbg.fr,
openstack.umcloud.io,
openstack.usinter.net,
openstack.younglogic.net,
openstack.qare.io,
openstack.bitp.kiev.ua,
openstack.blogspot.co.uk,
openstack.yahoo.com,
openstack.itistmo.edu.mx,
openstack.no-more.kiev.ua,
openstack.drawerhost.com,
openstack.coredu.mp,
openstack.skyhost.ru,
openstack.cuongdang.tech,
openstack.os1.nl,
openstack.stusta.de,
openstack.cloudvps.com,
openstack.hpsdnpartnerlab.net,
openstack.labgear.io,
openstack.mwt2.org,
openstack.infortrend.com,
openstack.arlionprojects.com,
openstack.ccsddns.com,
openstack.dari.co,
openstack.dynamiclms.co.uk,
openstack.f-db.fr,
openstack.hclblu.com,
openstack.hetzner.company,
openstack.jadu.net,
openstack.opentechinstitute.org,
openstack.quarksource.com,
openstack.rzanon.tech,
openstack.stackevolution.com,
openstack.uyumsoft.com.tr,
openstack.vici.io,
openstack.xzed.fr,
openstack.securelink.com,
openstack.familyhartley.com,
openstack.ithome.com.tw,
openstack.akuracy.ovh,
openstack.cannan.se,
openstack.corista.services,
openstack.curl.one,
openstack.filoo.dev,
openstack.gnifrix.com,
openstack.ip-solutions.se,
openstack.itera.io,
openstack.risc-software.at,
openstack.sapham.net,
openstack.sinaimscore.ir,
openstack.therealpbx.com,
openstack.tumblr.com,
openstack.vaps.cloud,
openstack.astokes.org,
openstack.celera.net,
openstack.garden-hut.de,
openstack.tysco.fr,
openstack.scrapping.cc,
openstack.walz.io,
openstack.tc001.in,
openstack.cloudenci.ie,
openstack.computel.nl,
openstack.examplev.com,
openstack.hacwa.co.uk,
openstack.hiberfile.com,
openstack.marthy.xyz,
openstack.netlify.com,
openstack.nullbyte.be,
openstack.openoffice.nl,
openstack.paradigm-network.com,
openstack.qubyte.dk,
openstack.scrippsnetworks.com,
openstack.uibk.ac.at,
openstack.rhcasalab.com,
openstack.skygeo.com,
openstack.vdeshof.com,
openstack.weon.website,
openstack.enterthemeeting.com,
openstack.griddynamics.com,
openstack.dachary.org,
openstack.svam.com,
openstack.rse-web.it,
openstack.myrc.biz,
openstack.orionvm.net,
openstack.thug.fr,
openstack.taoliver.com,
openstack.pabbl.com,
openstack.pesc.xyz,
openstack.quantomic.com,
openstack.rackray.eu,
openstack.sevenl.net,
openstack.hotelston.com,
openstack.lab2.ovh,
openstack.markusmaier.net,
openstack.ryflecorps.fr,
openstack.andrewvinton.com,
openstack.bingobox.cc,
openstack.chilacon.ga,
openstack.cjcomputerwork.net,
openstack.dynu.com,
openstack.ex.com,
openstack.ganon.us,
openstack.hkcix.com,
openstack.jeremyfarrar.com,
openstack.wwu.de,
openstack.mari0.dev,
openstack.pycon-au.org,
openstack.eventbrite.com,
openstack.meetup.com,
openstack.stratoscale.co,
openstack.cohenc.fr,
openstack.adelaide.edu.au,
openstack.gogoel.net,
openstack.eftlab.com.au,
openstack.eftlab.com,
openstack.viarezo.fr,
openstack.wesoft.co.za,
openstack.music.blog,
openstack.neutron.so,
openstack.cloudtreinamentos.com,
openstack.almerys.com,
openstack.atolcd.com,
openstack.datacell.com,
openstack.demo-poc.de,
openstack.gconex.com,
openstack.hangas.net,
openstack.havananet.us,
openstack.igene.tw,
openstack.infopro-67.fr,
openstack.itech.md,
openstack.iwanhae.ga,
openstack.janduda.net,
openstack.jinkit.com,
openstack.johnlewis.ie,
openstack.lindenvalley.de,
openstack.manolis.io,
openstack.mq.com,
openstack.phishlabs.com,
openstack.jamdemo.de,
openstack.hostigger.com,
openstack.wazo.io,
openstack.uclv.cu,
openstack.virtomat.com,
openstack.wiaapp.com,
openstack.slipsprogrammor.no,
openstack.blogspot.de,
openstack.stillhq.com,
openstack.booktype.pro,
openstack.beta-site.net,
openstack.dkrz.de,
openstack.womenintechreview.com,
openstack.juliochegedus.info,
openstack.worxtech.com,
openstack.michelis.online,
openstack.bringe.net,
openstack.baal.fr,
openstack.euruscloud.xyz,
openstack.gallimedia.com,
openstack.morepower.ru,
openstack.nchc.org.tw,
openstack.netio.bg,
openstack.netunina.me,
openstack.newdc.com.br,
openstack.rcfilm.tv,
openstack.stil.dk,
openstack.uicds.xyz,
openstack.yourcloud.com.tw,
openstack.aurea-mediocritas.net,
openstack.cmssliangxin.cn,
openstack.99cloud.com.cn,
openstack.stserv.ml,
openstack.timepad.ru,
openstack.exeter.ac.uk,
openstack.net-cry.de,
openstack.eevans.me,
openstack.apps.ae,
openstack.courtney-oakley.co.uk,
openstack.fail.tools,
openstack.forty1.org,
openstack.globalink.net,
openstack.hatenablog.jp,
openstack.hopto.org,
openstack.hotinno.com,
openstack.iainstott.dev,
openstack.juliochegedus.com,
openstack.mserve.com,
openstack.olivierdugast.com,
openstack.pietertest.be,
openstack.rmnet.it,
openstack.sysx.fr,
openstack.teuto.net,
openstack.tigron.net,
openstack.zanon.app,
openstack.cloudcopartner.com,
openstack.osp-dd.de,
openstack.fieldofview.com,
openstack.v-comp.ch,
openstack.namednek.com,
openstack.openinfradays.kr,
openstack.6connect.com,
openstack.boernig.de,
openstack.cloudnative.tw,
openstack.deospa.de,
openstack.flyingfast.ga,
openstack.foxcloud.net,
openstack.gut-im-web.de,
openstack.hlubina.com,
openstack.labnat.xyz,
openstack.lulham.id.au,
openstack.memset.com,
openstack.mthode.org,
openstack.nebraskacloud.org,
openstack.pipe3.net,
openstack.setecorp.com.do,
openstack.southernpenguin.com,
openstack.thetys-retz.net,
openstack.trust-it.de,
openstack.uran.ua,
openstack.onales.com,
openstack.ljalbinson.com,
openstack.seanmooney.info,
openstack.extendcp.co.uk,
openstack.veronamobile.it,
openstack.goffinet.org,
openstack.matti.cloud,
openstack.qsolutions.de,
openstack.aptira.com,
openstack.scarfbot.com,
openstack.unixhot.com,
openstack.8bit.nu,
openstack.ccsolution.org,
openstack.cepsos.cz,
openstack.clickash.com.pl,
openstack.cloudvpsnl.com,
openstack.cloudwick.com,
openstack.crowderia.com,
openstack.e3.cz,
openstack.ember.se,
openstack.hostedservice.be,
openstack.james-poole.co.uk,
openstack.myriadcara.in,
openstack.nysernet.org,
openstack.pispalanit.fi,
openstack.sirs-fr.com,
openstack.snrstage.com,
openstack.sunwire.ca,
openstack.telerik.com,
openstack.tripledemo.nl,
openstack.ttvi.com.br,
openstack.sefja.eu,
openstack.wavefn.io,
openstack.kcloud.io,
openstack.wolfcloud.de,
openstack.sys-con.com,
openstack.uolcloud.com.br,
openstack.chpc.ac.za,
openstack.cloudbrink.nl,
openstack.sahl.cloud,
openstack.mycube.cloud,
openstack.tessares.net,
openstack.mydev.cz,
openstack.upspin.io,
openstack.biterg.io,
openstack.dev-sg.com,
openstack.coolsvap.net,
openstack.uni-muenster.de,
openstack.adam.es,
openstack.amsiocloud.com,
openstack.cloud-vm.net,
openstack.fiber.net,
openstack.geekyarun.com,
openstack.kmwpheu.com,
openstack.koruba.net,
openstack.lm100.se,
openstack.ownhost.net,
openstack.rct.co.il,
openstack.shalb.com,
openstack.solidconsult.be,
openstack.soundsickness.be,
openstack.storozhev.net,
openstack.telekom.sk,
openstack.teliastream.com,
openstack.aepxx.com,
openstack.appfog.com,
openstack.ronaldbradford.com,
openstack.ulitzer.com,
openstack.lno.ovh,
openstack.univ-tlse3.fr,
openstack.redpine.com,
openstack.sairanor.ru,
openstack.vcdata.ru,
openstack.homeatcloud.cz,
openstack.kimmlingen.org,
openstack.eternalvoid.net,
openstack.adk-media.com,
openstack.cern.ch,
openstack.dbs.ie,
openstack.digitaldovey.com,
openstack.lonocloud.com,
openstack.omnilance.ooo,
openstack.oxfordfun.com,
openstack.renu.ac.ug,
openstack.tera-byte.com,
openstack.threatmonitoring.co.uk,
openstack.ufpi.br,
openstack.uit.edu.vn,
openstack.uni-paderborn.de,
openstack.verf.io,
openstack.wavenet.com,
openstack.xhceis.cn,
openstack.r0cket.net,
openstack.java.net,
openstack.blogspot.com,
openstack.blogspot.jp,
openstack.markmail.org,
openstack.cioreview.com,
openstack.nimeyo.com,
openstack.drupasdev.com,
openstack.radut.info,
openstack.eftlab.co.uk,
openstack.homeatcloud.com,