domainName,
paloalto.adeex.com,
paloalto.vocetelecom.com.br,
paloalto.collingwood.org,
paloalto.globespancapital.com,
paloalto.premieretreeservices.com,
paloalto.podomatic.com,
paloalto.schoolofrock.com,
paloalto.ihollaback.org,
paloalto.motorbaseonline.com,
paloalto.brpr.com.br,
paloalto.gerdau.net,
paloalto.homeserver.com,
paloalto.hopeyou.net,
paloalto.hsc.edu,
paloalto.poc.com,
paloalto.rutan.com,
paloalto.sunyrockland.edu,
paloalto.start-run-grow.com,
paloalto.chaosads.com,
paloalto.ggi-sa.com,
paloalto.westinemenus.com,
paloalto.amyscloudpoc.com,
paloalto.appandwebpro.com,
paloalto.esseff.org,
paloalto.fhda.edu,
paloalto.usd.ac.id,
paloalto.univ-paris13.fr,
paloalto.quality-garage-door.com,
paloalto.kappaalphatheta.org,
paloalto.mesotheliomalawyerca.co,
paloalto.phoandbanhmi.com,
paloalto.womensclub.org,
paloalto.robeson.edu,
paloalto.mct.org,
paloalto.healthscience.network,
paloalto.dinfotel.com,
paloalto.emscorporate.com,
paloalto.jimmyd.com.au,
paloalto.portal.cloud,
paloalto.youthvolleyball.com,
paloalto.sccresa.org,
paloalto.yhmtech.co.il,
paloalto.keystonesteel.com,
paloalto.summitbicycle.com,
paloalto.ines.gov.br,
paloalto.accesscomm.coop,
paloalto.episcopalacademy.org,
paloalto.starfield.ai,
paloalto.bandcamp.com,
paloalto.myziplinks.com,
paloalto.eternulo.com,
paloalto.kanopy.com,
paloalto.cirarad.net,
paloalto.salonseeker.com,
paloalto.startupyourcity.com,
paloalto.golden-locksmith-services.com,
paloalto.primelist.org,
paloalto.tudoforte.com.br,
paloalto.gold-locksmith-store.com,
paloalto.subudcalifornia.com,
paloalto.officetrax.com,
paloalto.joeyburnsphoto.com,
paloalto.thlab.net,
paloalto.ctsolutions.eu,
paloalto.cwalker.tech,
paloalto.fnsi.net,
paloalto.movimentogroup.com,
paloalto.opem.it,
paloalto.sanjosebankingcapitol.com,
paloalto.wembleystudios.com,
paloalto.onesimplicity.com,
paloalto.bizlicenseonline.com,
paloalto.codebleu.ca,
paloalto.nware.com,
paloalto.valleydevteam.com,
paloalto.btireland.com,
paloalto.itotimes.com,
paloalto.nobuhotels.com,
paloalto.sitewelder.com,
paloalto.bullseyestorelocator.com,
paloalto.heimark.org,
paloalto.mit.edu,
paloalto.sanfranciscocomputerrepair.net,
paloalto.sheratonemenus.com,
paloalto.patch.com,
paloalto.kedna.com,
paloalto.macaronikid.com,
paloalto.universitystudentmovers.org,
paloalto.gosbi.com,
paloalto.appnor.net,
paloalto.pirocchi.fr,
paloalto.businessdatalinks.com,
paloalto.regusus.com,
paloalto.gontor.com,
paloalto.visioneeringpro.com,
paloalto.ardanmichaelblum.com,
paloalto.yukihotaru.com,
paloalto.allcaliforniahotels.com,
paloalto.pilatesv.com,
paloalto.ilogoindonesia.id,
paloalto.subudcalifornia.org,
paloalto.huttig.com,
paloalto.nationgroup.com,
paloalto.azerigazbank.com,
paloalto.bionime.com,
paloalto.burtonschools.org,
paloalto.du.se,
paloalto.town-ranking-selection2019.net,
paloalto.sitebysite.it,
paloalto.microappsonline.com,
paloalto.cnu.edu,
paloalto.thetrademarkstudio.com,
paloalto.sportssignup.com,
paloalto.wattplan.com,
paloalto.wastetracking.com,
paloalto.beaverk12.org,
paloalto.birthdaylimorides.com,
paloalto.cresapartners.com,
paloalto.naist.jp,
paloalto.shinra.dk,
paloalto.swau.edu,
paloalto.balikesir.edu.tr,
paloalto.unolist.com,
paloalto.localsignal.com,
paloalto.pagedemo.co,
paloalto.rameshrao.info,
paloalto.frontendfactory.com,
paloalto.perfekta-inc.com,
paloalto.extededstay.com,
paloalto.fingg.com,
paloalto.simac.dk,
paloalto.teltronic.es,
paloalto.uevora.pt,
paloalto.brandonsd.mb.ca,
paloalto.musicas.mus.br,
paloalto.universitytutor.com,
paloalto.twestival.com,
paloalto.barmethod.com,
paloalto.delphi.us,
paloalto.csbayarea.com,
paloalto.invenergy.com,
paloalto.parkingguide.com,
paloalto.anandaespanol.org,
paloalto.hgi.com,
paloalto.sanjosemetrohomes.com,
paloalto.fundp.ac.be,
paloalto.paggre.com,
paloalto.ateshgah.com,
paloalto.pinnmg-4.com,
paloalto.readyconnect.us,
paloalto.spreadshirt.com,
paloalto.givingfruits.org,
paloalto.meetinglinq.com,
paloalto.calocals.com,
paloalto.goco2free.org,
paloalto.invenergyllc.com,
paloalto.itgwebvision.com,
paloalto.amherst.edu,
paloalto.accuratehomevaluation.com,
paloalto.fortecait.pl,
paloalto.provisionds.com,
paloalto.ue.wroc.pl,
paloalto.dgroup.it,
paloalto.hp-cwc-event.com,
paloalto.sakura.ne.jp,
paloalto.actikare.com,
paloalto.3cx.co.uk,
paloalto.civicinsight.com,
paloalto.1bedlam.net,
paloalto.kemendesa.go.id,
paloalto.minotstateu.edu,
paloalto.tber.hu,
paloalto.tendergreens.com,
paloalto.kk-chem.co.jp,
paloalto.riskxint.com,
paloalto.striptwaxbar.com,
paloalto.bibliocms.com,
paloalto.es.net,
paloalto.themancloud.com,
paloalto.viewen.com,
paloalto.infusedcbdmarketplace.com,
paloalto.liberty-locksmith-store.com,
paloalto.hardened.co,
paloalto.clubwizard.com,
paloalto.docuware.cloud,
paloalto.findlinks.com,
paloalto.miron-construction.com,
paloalto.thekitchenandbar.com,
paloalto.condenast.ru,
paloalto.ez1.com.br,
paloalto.buildingeye.com,
paloalto.dipietrotodd.com,
paloalto.glynndevinsdigital.com,
paloalto.pvgas.com.vn,
paloalto.salem111.com,
paloalto.selu.edu,
paloalto.shawneeps.com,
paloalto.tennistonic.net,
paloalto.transoil.by,
paloalto.wtsonline.com,
paloalto.loucoll.ac.uk,
paloalto.california-locksmith-store.com,
paloalto.mediasecure.it,
paloalto.iowayearbooks.com,
paloalto.powerflex.com,
paloalto.presskithero.com,
paloalto.duoselab.com,
paloalto.maximizer.com,
paloalto.stanford.edu,
paloalto.treetech.tw,
paloalto.centralisd.com,
paloalto.veritrix.com,
paloalto.benefitzip.com,
paloalto.adeex.us,
paloalto.lyricschords.net,
paloalto.huntingtonhelps.com,
paloalto.calnorthlive.com,
paloalto.centralfires.com,
paloalto.ordermademoisellecolette.com,
paloalto.edcms.net,
paloalto.collegetownnetwork.com,
paloalto.newspanishapartments.com,
paloalto.hmcmgt.com,
paloalto.frotmail.nl,
paloalto.subudcalifornia.net,
paloalto.vrnewmeeting.com,
paloalto.opengov.com,
paloalto.cloudone.no,
paloalto.nuclassifieds.com,
paloalto.caairductcleaning.com,
paloalto.chattcbl.com,
paloalto.efqm.org,
paloalto.leatec.com.tw,
paloalto.claz.org,
paloalto.younglife.org,
paloalto.anterra.com,
paloalto.lqd.dk,
paloalto.ukw.edu.pl,
paloalto.newfrousy.org,
paloalto.prolinedoorservice.com,
paloalto.mldesigner.de,
paloalto.united-garage-door.com,
paloalto.freeboxos.fr,
paloalto.bancfirst.com,
paloalto.dataunit.com,
paloalto.exclusive-networks.se,
paloalto.gearcor.com,
paloalto.hgitservices.com,
paloalto.jul.co.il,
paloalto.youaresecure.be,
paloalto.discountrealtor.us,
paloalto.simplicity.help,
paloalto.interstate-locksmith-shop.com,
paloalto.mrdrain.com,
paloalto.unileon.es,
paloalto.dylt.com,
paloalto.phoebussoftware.com,
paloalto.patricksimon.de,
paloalto.torresyasociados.com.uy,
paloalto.viliving.com,
paloalto.websitetoolbox.com,
paloalto.weddings.com,
paloalto.forumactif.org,
paloalto.hopto.org,
paloalto.sportscentervideos.com,
paloalto.wheatonma.edu,
paloalto.chinesetomatoes.com,
paloalto.cnrs-bellevue.fr,
paloalto.iteadvisors.com,
paloalto.mysddc.ai,
paloalto.wurl.com,
paloalto.f3322.net,
paloalto.fiberinternetcenter.com,
paloalto.therooster.co,
paloalto.nobleps.com,
paloalto.eagle-garage-door.com,
paloalto.iowaassessors.com,
paloalto.whiteyellowpages.com,
paloalto.rehabloannetwork.com,
paloalto.compunet.ninja,
paloalto.bibliocommons.com,
paloalto.storeboard.com,
paloalto.beyondidentity.pw,
paloalto.stemcelltreatments.center,
paloalto.duratex.com.br,
paloalto.neolane.net,
paloalto.newmarket.ca,
paloalto.nui.no,
paloalto.triglav.rs,
paloalto.v3.ca,
paloalto.doap.com,
paloalto.lschs.org,
paloalto.toastmastersclubs.org,
paloalto.advantage-preservation.com,
paloalto.chabadsuite.net,
paloalto.jala.es,
paloalto.postech.com.mx,
paloalto.rts.md,
paloalto.civicinsight.pw,
paloalto.speedtest.net,
paloalto.ipsojobs.com,
paloalto.areaconnect.com,
paloalto.toolsforbusiness.info,
paloalto.nehu.ac.in,
paloalto.b2cglobal.com,