domainName,
solarwinds.airtel.com.ng,
solarwinds.gatech.edu,
solarwinds.lcsd2.org,
solarwinds.sondait.com.br,
solarwinds.tsrnet.com,
solarwinds.virtechsystems.com,
solarwinds.yourcompany.com,
solarwinds.btc-bci.com,
solarwinds.ecollege.com,
solarwinds.simplesignal.com,
solarwinds.texasbankandtrust.com,
solarwinds.greatlakes.net,
solarwinds.lncc.br,
solarwinds.stratusdynamics.com,
solarwinds.acute-systems.com,
solarwinds.irvmat.com,
solarwinds.nb27.org,
solarwinds.versa-tek.net,
solarwinds.guidewire.com,
solarwinds.vyvebb.com,
solarwinds.ben.edu,
solarwinds.rmc.edu,
solarwinds.abri29.net,
solarwinds.accesscheshire.com,
solarwinds.awsapps.com,
solarwinds.godesktop.com.au,
solarwinds.hgctr.com,
solarwinds.netpluz.asia,
solarwinds.slcolibrary.org,
solarwinds.smart.sa,
solarwinds.fmfacilitymaintenance.com,
solarwinds.killeenisd.org,
solarwinds.alcdsb.on.ca,
solarwinds.asc.edu,
solarwinds.lightbound.net,
solarwinds.smithville.com,
solarwinds.telegate.com.au,
solarwinds.bwsd.org,
solarwinds.wayport.net,
solarwinds.qlarant.com,
solarwinds.zekelman.com,
solarwinds.logisticare.com,
solarwinds.opascor.com,
solarwinds.brookfieldpropertiesretail.com,
solarwinds.postclickmarketing.com,
solarwinds.smc.edu,
solarwinds.stanfordmed.org,
solarwinds.csuohio.edu,
solarwinds.libertytech.net,
solarwinds.mkt5016.com,
solarwinds.bca.aero,
solarwinds.brosenrudi.de,
solarwinds.enovapremier.com,
solarwinds.globeoss.com,
solarwinds.leaco.net,
solarwinds.tribpub.com,
solarwinds.vixxo.com,
solarwinds.seaboardcorp.com,
solarwinds.springventuregroup.com,
solarwinds.petc.com,
solarwinds.remotewebaccess.com,
solarwinds.chesco.net,
solarwinds.cityofcedarpark.com,
solarwinds.ncsupport.com,
solarwinds.aldenimage.net,
solarwinds.adac.cm,
solarwinds.usg.com,
solarwinds.jrgetches.com,
solarwinds.terabyte2003.com,
solarwinds.brighthorizons.com,
solarwinds.m5hosting.com,
solarwinds.tql.com,
solarwinds.volkssolidaritaet.de,
solarwinds.sg2.com,
solarwinds.ogletree.com,
solarwinds.oiigds.com,
solarwinds.astonbarclay.net,
solarwinds.deltastate.edu,
solarwinds.weblite.com.my,
solarwinds.airtel.africa,
solarwinds.csbs.org,
solarwinds.fasttelco.net,
solarwinds.libertypr.net,
solarwinds.martinmarietta.com,
solarwinds.tgtel.net,
solarwinds.matscosolutions.com,
solarwinds.codeplex.com,
solarwinds.discovery.com,
solarwinds.sentrametric.com,
solarwinds.yc.edu,
solarwinds.frederix-systemhaus.de,
solarwinds.allergan.com,
solarwinds.wiltonbradley.com,
solarwinds.nerderylabs.com,
solarwinds.speedconnect.com,
solarwinds.broadriver.com,
solarwinds.doattend.com,
solarwinds.hmc.edu,
solarwinds.hy-vee.com,
solarwinds.selection.co.uk,
solarwinds.squarespace.com,
solarwinds.sspc.biz,
solarwinds.wesleyan.edu,
solarwinds.es.net,
solarwinds.procore-it.com,
solarwinds.aeroinc.net,
solarwinds.filterdns.com,
solarwinds.syssoft.ru,
solarwinds.spitfireuk.net,
solarwinds.trha.co.tt,
solarwinds.uafs.edu,
solarwinds.unh.edu,
solarwinds.usc.edu,
solarwinds.hostedeia.com,
solarwinds.alfred.edu,
solarwinds.blue.net,
solarwinds.jantechcs.com,
solarwinds.post.edu,
solarwinds.prcc.edu,
solarwinds.royell.org,
solarwinds.sarepta.com,
solarwinds.bmcjax.com,
solarwinds.call2.nl,
solarwinds.fusionmgt.com,
solarwinds.thejoint.com,
solarwinds.cellsignal.com,
solarwinds.leandrobarragan.com,
solarwinds.bedrockdetroit.com,
solarwinds.emgit.com.au,
solarwinds.valuestoryapp.com,
solarwinds.kennesaw.edu,
solarwinds.mattesit.com,
solarwinds.astratel.co.id,
solarwinds.courreges.com,
solarwinds.cse-corp.com,
solarwinds.fluidone.com,
solarwinds.lcisd.org,
solarwinds.liveoffice.com,
solarwinds.mciu.org,
solarwinds.myindata.com,
solarwinds.slack.com,
solarwinds.uaeu.ac.ae,
solarwinds.falmouth.ac.uk,
solarwinds.umsja.is,
solarwinds.pccwellness.org,
solarwinds.ab-archive.net,
solarwinds.initshop.cz,
solarwinds.intranet.com,
solarwinds.treliant.com,
solarwinds.rccd.net,
solarwinds.amherst.edu,
solarwinds.westerville.org,
solarwinds.utc.com,
solarwinds.basecom.us,
solarwinds.casham.com,
solarwinds.certicamara.com,
solarwinds.layer42.net,
solarwinds.meadowbrook.com,
solarwinds.securiton.com.au,
solarwinds.swan.ac.uk,
solarwinds.ghvalley.net,
solarwinds.savvycloud.com,
solarwinds.vitalsite.com,
solarwinds.chartmakercloud.com,
solarwinds.agisw.co.uk,
solarwinds.werrei.com,
solarwinds.chilimited.com,
solarwinds.lqgroup.org.uk,
solarwinds.esurance.com,
solarwinds.cancer.org,
solarwinds.ocde.us,
solarwinds.tamhsc.edu,
solarwinds.nyh.org.uk,
solarwinds.portauthority.org,
solarwinds.logicsolutions.com,
solarwinds.nal.com,
solarwinds.quality-heating.co.uk,
solarwinds.vlss-llc.com,
solarwinds.arvig.com,
solarwinds.cwie.net,
solarwinds.superiorlivestock.com,
solarwinds.vsc.edu,
solarwinds.onlok.org,
solarwinds.greymatterit.com,
solarwinds.pdchs.net,
solarwinds.wllcare.com,
solarwinds.lockelord.net,
solarwinds.datasite.com,
solarwinds.savanta.com,
solarwinds.tamiu.edu,
solarwinds.ai.co.zw,
solarwinds.asrcfederal.com,
solarwinds.btigroup.com,
solarwinds.dadeschools.net,
solarwinds.ecylinderonline.com,
solarwinds.globalnet.hn,
solarwinds.grg.de,
solarwinds.lcps.org,
solarwinds.mkt5015.com,
solarwinds.mpc.edu,
solarwinds.nexicomgroup.net,
solarwinds.pottcounty-ia.gov,
solarwinds.suzyq-records.de,
solarwinds.trustntm.com,
solarwinds.vanausdall.com,
solarwinds.wghealth.org,
solarwinds.cintas.com,
solarwinds.srtc.com,
solarwinds.qarchive.org,
solarwinds.teamtalk.net.nz,
solarwinds.toyota-fs.com,
solarwinds.sach.org.sg,
solarwinds.github.io,
solarwinds.nc-spectrum.no,
solarwinds.itsecure.hu,
solarwinds.osmio.ch,
solarwinds.aeprio.net,
solarwinds.c4l.co.uk,
solarwinds.centcom.mil,
solarwinds.colorado.edu,
solarwinds.corpsec.ninja,
solarwinds.cyberlynk.net,
solarwinds.dau.mil,
solarwinds.ehosts.net,
solarwinds.managednetworks.com,
solarwinds.mcl.gr,
solarwinds.pin-ag.de,
solarwinds.upnllc.com,
solarwinds.qg.com,
solarwinds.atajo.io,
solarwinds.ownbitcoins.net,
solarwinds.carnival.com,
solarwinds.broadinstitute.org,
solarwinds.kmits.se,
solarwinds.caci.com,
solarwinds.maydayit.co.uk,
solarwinds.acoe.org,
solarwinds.bdo.com,
solarwinds.creative-itc.com,
solarwinds.ghxinc.com,
solarwinds.kent.edu,
solarwinds.millersville.edu,
solarwinds.nobleschools.org,
solarwinds.segmentwireless.com,
solarwinds.elevatefiber.com,
solarwinds.nhcs.net,
solarwinds.williams.edu,
solarwinds.wyless.com,
solarwinds.ppsfibernet.com,
solarwinds.ultisat.net,
solarwinds.btdmfg.com,
solarwinds.rds-global.com,
solarwinds.ultra.me,
solarwinds.uwlax.edu,
solarwinds.mango-technologies.com,
solarwinds.orsenna.com,
solarwinds.pissedconsumer.com,
solarwinds.charitonvalley.com,
solarwinds.spx.com,
solarwinds.sydney.edu.au,
solarwinds.crecon.de,
solarwinds.centriscope.com,
solarwinds.adient.com,
solarwinds.xpo.com,
solarwinds.itctel.com,
solarwinds.econet.co.zw,
solarwinds.ncat.edu,
solarwinds.haysmed.com,
solarwinds.remip.prd.fr,
solarwinds.uu.nl,
solarwinds.worldnetpr.com,
solarwinds.gonetforward.com,
solarwinds.negma.net,
solarwinds.northgeorgianetwork.com,
solarwinds.ruc.dk,
solarwinds.wufoo.com,
solarwinds.ouhsc.edu,
solarwinds.pacific.edu,
solarwinds.wiltonbradley.co.uk,
solarwinds.ontechit.com,
solarwinds.philsaga.com,
solarwinds.haleyaldrich.com,
solarwinds.msudenver.edu,
solarwinds.usd.edu,
solarwinds.nethouse.se,
solarwinds.gatesventures.com,
solarwinds.fxplus.ac.uk,
solarwinds.mada.com.kw,
solarwinds.possling.de,
solarwinds.quickwatch.app,
solarwinds.securitas.de,
solarwinds.alchemytechgroup.com,
solarwinds.gentherm.com,
solarwinds.hxs.site,
solarwinds.irfmcg.com,
solarwinds.milostea.com,
solarwinds.suggestsoft.com,
solarwinds.knoji.com,
solarwinds.abbvienet.com,
solarwinds.sshosp.org,
solarwinds.uwpiedmont.org,
solarwinds.databridgesites.com,
solarwinds.legendonlineservices.co.uk,
solarwinds.mapei.com,
solarwinds.pruittcom.com,
solarwinds.tdchosting.dk,
solarwinds.vitacom.com,
solarwinds.aegis-group.co.uk,
solarwinds.asrc.com,
solarwinds.auroragov.org,
solarwinds.devicom.com,
solarwinds.ts247.com,
solarwinds.upnfiber.com,
solarwinds.phl.org,
solarwinds.ucd.ie,
solarwinds.allscriptscloud.com,
solarwinds.fwc.gov.au,
solarwinds.ccsmed.com,
solarwinds.acidfiles.net,
solarwinds.bhf.net,
solarwinds.flexamit.com,
solarwinds.mrll.com,
solarwinds.gnty.com,
solarwinds.lcbhs.net,
solarwinds.otbeach.com,
solarwinds.gulfside.org,
solarwinds.diary.ru,
solarwinds.webplus.net,
solarwinds.edf-re.com,
solarwinds.culpeperwood.com,
solarwinds.thermofisher.com,
solarwinds.opensource.gov,
solarwinds.uccs.edu,
solarwinds.claremont.edu,
solarwinds.lookbookhq.com,
solarwinds.montanasky.net,
solarwinds.arizona.edu,
solarwinds.calltower.com,
solarwinds.ccihq.net,
solarwinds.netafim.com,
solarwinds.tamu.edu,
solarwinds.tauntonschool.co.uk,
solarwinds.vivintsolar.com,
solarwinds.crossmediaventures.com,
solarwinds.insideidc.com,
solarwinds.net56.net,
solarwinds.wheatonma.edu,
solarwinds.fdbs.com,
solarwinds.iii.com,
solarwinds.nm.gov,
solarwinds.tamug.edu,
solarwinds.rit.edu,
solarwinds.telecom2.net,
solarwinds.rds.global,
solarwinds.ashleyfurnitire.com,
solarwinds.cvisa.com,
solarwinds.axoft.ru,
solarwinds.baydigital.com,
solarwinds.caribsurf.com,
solarwinds.cg.ru,
solarwinds.inlandimaging.com,
solarwinds.morad.ca,
solarwinds.tdchosting.net,
solarwinds.tmlp.net,
solarwinds.cmpc.cl,
solarwinds.aweb.ch,
solarwinds.uri.edu,
solarwinds.vosslighting.com,
solarwinds.ncemcs.com,
solarwinds.fd4a.net,
solarwinds.texonlp.com,
solarwinds.smartcode.com,
solarwinds.hanweckassoc.com,
solarwinds.posserv.net,
solarwinds.jpthijsse-ict.nl,
solarwinds.eacs.com,
solarwinds.pinkertonacademy.org,
solarwinds.timico.co.uk,
solarwinds.tjc.edu,
solarwinds.gsmc.org,
solarwinds.imegcorp.com,
solarwinds.appstate.edu,
solarwinds.bankofbelen.com,
solarwinds.be-tse.de,
solarwinds.clb-berlin.de,
solarwinds.cns.gov,
solarwinds.lgcsb.ie,
solarwinds.mccarhomes.com,
solarwinds.musfiber.com,
solarwinds.sonda.com,
solarwinds.uta.edu,
solarwinds.nd.gov,
solarwinds.gonzaga.edu,
solarwinds.dawnfoods.com,
solarwinds.expo2020dubai.com,
solarwinds.teeg.com,
solarwinds.erwsd.org,
solarwinds.quinnipiac.edu,
solarwinds.dbdriver.club,
solarwinds.hostopia.com,
solarwinds.ainet.at,
solarwinds.asiatech.ir,
solarwinds.cgiregina.ca,
solarwinds.homeserver.com,
solarwinds.lsnetworks.net,
solarwinds.lsu.edu,
solarwinds.magsy.net,
solarwinds.nearnorthschools.ca,
solarwinds.suhsd.net,
solarwinds.veitusa.com,
solarwinds.emnet.dk,
solarwinds.hargray.net,
solarwinds.managepointemsp.com,
solarwinds.ytmnd.com,
solarwinds.banquyenphanmem.com,
solarwinds.qbfreak.net,
solarwinds.ktconnections.com,
solarwinds.notionsmarketing.com,
solarwinds2.kennesaw.edu,
solarwinds.adaptplc.com,
solarwinds.ipdvv.com,
solarwinds.lbaop.org,
solarwinds.myitpro.ca,
solarwinds.optimalworkshop.com,
solarwinds.relatient.net,
solarwinds.sarcom.com,
solarwinds.vaioni.net,
solarwinds.telkomtelstra.net,
solarwinds.astrotech.com,
solarwinds.ulcc.ac.uk,
solarwinds.xavier.vic.edu.au,
solarwinds.ramapo.edu,
solarwinds.irena.org,
solarwinds.mansfield.edu,
solarwinds.paycom.com,
solarwinds.inter.edu,
solarwinds.sharewarejunction.com,
solarwinds.diageo.com,
solarwinds.islandnetwork.net,
solarwinds.shinedezign.pro,
solarwinds.ats.co.za,
solarwinds.k-powernet.com,
solarwinds1.region16.net,
solarwinds2.region16.net,
solarwinds2.ulcc.ac.uk,
solarwinds1.wesleyan.edu,
solarwinds3.k-powernet.com,
solarwinds2.williams.edu,
pxsolarwinds.npc.edu,
solarwindsdb.uta.edu,
solarwinds1.sc2000.net,
solarwinds2.libertypr.net,
spsolarwinds.stpatricks.qld.edu.au,
solarwindsrp.board-directory.net,
solarwindsvm.asrcfederal.com,
solarwinds-n.lab-services.ca,
itsolarwinds.utrgv.edu,
solarwindsdr.texasbankandtrust.com,
solarwinds-1.stofa.net,
swsolarwinds.iu23.org,
itsolarwinds.powerschool.com,
itsolarwinds.utpa.edu,
solarwinds01.cellsignal.com,
solarwindssm.ehosts.net,
solarwindscr.wirtualnie.pl,
solarwinds11.cns.gov,
solarwindsdb.wesleyan.edu,
solarwindsrp.forumotion.com,
solarwinds01.zerooutages.com,
solarwindsdev.telkomtelstra.net,
solarwindsdpa.pbworks.com,
solarwinds.it.workiva.net,
solarwinds.ux-solarwinds-events.sgizmo.com,
solarwindsnpm.doodlekit.com,
solarwinds01.broadinstitute.org,
solarwinds.it.merlinentertainments.biz,
solarwinds.eu.fleetmatics.host,
dc1solarwinds.energysolutions.com,
solarwindsncm.burlington.com,
usssolarwinds.uss.co.uk,
solarwindsmsp.open-groupe.nl,
rdesolarwinds.stanford.edu,
bmhsolarwinds.bronsonhg.org,
solarwindsmsp.watsoft.com,
solarwinds.rz.hs-heilbronn.de,
solarwinds-db.unh.edu,
solarwindsweb.marzamcorp.com,
solarwinds.cn.ipaddress.com,
cmcsolarwinds.netrixllc.com,
ch-solarwinds.city-plap.com,
sa-solarwinds.ucdavis.edu,
solarwinds-db.lsu.edu,
solarwinds.us.fleetmatics.host,
solarwindsnpm.booklikes.com,
solarwinds-db.ulcc.ac.uk,
solarwindsncm.my-free.website,
solarwindsapp.amherst.edu,
solarwinds1nj.dellservices.net,
solarwindsinc.wufoo.com,
solarwindsmsp.force.com,
cp-solarwinds.cityofcedarpark.com,
solarwindsnet.alienpicks.com,
solarwinds.ad.morpheusdata.com,
solarwindsdev.ericsson.se,
thesolarwinds.tumblr.com,
solarwinds.md.chula.ac.th,
solarwinds-01.eatel.net,
solarwindsnpm.strikingly.com,
solarwinds.ts.gvsu.edu,
solarwinds.s3.amazonaws.com,
solarwindsnpm.cymru.nhs.uk,
solarwindsncm.site123.me,
thesolarwinds.deviantart.com,
solarwinds.com.hotsited.com,
www.solarwinds.matscosolutions.com,
solarwinds4.ad.rit.edu,
solarwinds-rp1.ulcc.ac.uk,
solarwinds.cc.uic.edu,
solarwinds-db.swan.ac.uk,
mo-solarwinds.dedhamsavings.com,
solarwindsncm.booklikes.com,
solarwinds-01.logility.com,
solarwindsncm.ttcu.com,
solarwinds.ad.cuyahoga.cc,
ot-solarwinds.thameswater.co.uk,
solarwinds.ci.northwestern.edu,
my.solarwinds.marvin.rocks,
alb-solarwinds.lookbookhq.com,
www.solarwinds.axoft.ru,
solarwinds.eng.citrite.net,
uor-solarwinds.excaliburit.co.uk,
www.solarwinds.maydayit.co.uk,
solarwindsncm.spruz.com,
solarwinds.tt.omtrdc.net,
solarwindsvip.rit.edu,
solarwinds-ca.ipnms.net,
solarwinds-sa.tawaf.sa,
solarwinds-rt.adnsl.com,
solarwinds.ne.adobe.net,
solarwindshelp.zendesk.com,
solarwinds-tmp.it.csiro.au,
solarwinds.srv.volvo.com,
www.solarwinds.lockelord.net,
www.solarwinds.cmpc.cl,
www.solarwinds.teeg.com,
solarwindsapp1.uanet.edu,
www.solarwinds.libertytech.net,
solarwinds.uor.excaliburit.co.uk,
www.solarwinds.werrei.com,
solarwinds.nts.jhu.edu,
solarwinds-srv.pppl.gov,
solarwinds.del.wa.gov,
solarwinds-nta.ulcc.ac.uk,
erx-solarwinds.veradigm.net,
solarwinds.com.tested.website,
solarwindssing.freedomscout.com,
solarwinds-nat.csuohio.edu,
solarwinds.med.cornell.edu,
www.solarwinds.ontechit.com,
solarwinds.aws.laureate.net,
solarwinds1wtc.dellservices.net,
solarwinds-udv.emnet.dk,
solarwindstest.ecommunity.com,
www.solarwinds.irvmat.com,
www.solarwinds.gatesventures.com,
solarwinds2-db.williams.edu,
www.solarwinds.teamtalk.net.nz,
solarwinds-msp.workers.dev,
www.solarwinds.qlarant.com,
solarwinds.rrz.uni-koeln.de,
solarwinds.mit.disney.com,
www.solarwinds.osmio.ch,
usd-solarwinds.usd.edu,
www.solarwinds.banquyenphanmem.com,
www.solarwinds.airtel.com.ng,
solarwinds.eas.iu.edu,
www.solarwinds.btdmfg.com,
www.solarwinds.sspc.biz,
solarwinds.com.testednet.com,
www.solarwinds.wiltonbradley.com,
aaa-solarwinds.uoregon.edu,
solarwinds.com.incom.pk,
solarwindstorm.blogspot.ca,
solarwinds-net.ab-archive.net,
www.solarwinds.shinedezign.pro,
solarwinds-new.lsu.edu,
solarwinds.cti.homeoffice.gov.uk,
solarwinds.ict.hva.nl,
www.solarwinds.ktconnections.com,
solarwinds.fsa.sunysb.edu,
solarwinds.com.admin-mcas.ms,
solarwinds.com.ivirus.ru,
solarwinds.net.kent.edu,
solarwinds1eoc.dellservices.net,
solarwindstest.lsnetworks.net,
solarwinds-sql.rccd.net,
solarwinds.noc.bendbroadband.com,
solarwinds.spg.more.net,
www.solarwinds.bhf.net,
solarwindsprod.ericsson.se,
www.solarwinds.bwsd.org,
solarwinds18db.wesleyan.edu,
solarwinds3.ad.rit.edu,
solarwinds.dev.duke.edu,
www.solarwinds.greymatterit.com,
solarwinds.com.mcas.ms,
solarwinds-lab.ipnms.net,
solarwinds.win.kennesaw.edu,
www.solarwinds.ats.co.za,
solarwinds-fsm.joydownload.com,
solarwindstorm.blogspot.com,
solarwinds.wan.tamus.edu,
www.solarwinds.uwpiedmont.org,
solarwindsipam.wordpress.com,
vpn.solarwinds.savanta.com,
solarwindscythe.bandcamp.com,
solarwindsncmuk.booklikes.com,
solarwinds-dev.colorado.edu,
solarwinds-npm.tumblr.com,
solarwinds.dis.arkansas.gov,
solarwinds.net.uga.edu,
www.solarwinds.ownbitcoins.net,
solarwinds.com.checkseo.in,
www.solarwinds.brookfieldpropertiesretail.com,
uor-solarwinds.ntegra.net,
www.solarwinds.logisticare.com,
www.solarwinds.petc.com,
solarwinds-fsm.joydownload.ru,
www.solarwinds.edf-re.com,
solarwinds.mts.uri.edu,
solarwinds.keck.hawaii.edu,
solarwinds.host.ualr.edu,
solarwinds.corp.vibes.com,
naposolarwinds.moc.com,
solarwinds.hfs.washington.edu,
www.solarwinds.qg.com,
www.solarwinds.chilimited.com,
solarwinds-uat.updata.net,
www.solarwinds.managepointemsp.com,
www.solarwinds.opascor.com,
riosolarwinds3.riogrande.com,
www.solarwinds.notionsmarketing.com,
www.solarwinds.utc.com,
www.solarwinds.usg.com,
solarwinds.com.hypestat.com,
solarwinds1ctc.dellservices.net,
www.solarwinds.abri29.net,
www.solarwinds.ghxinc.com,
www.solarwinds.ccsmed.com,
www.solarwinds.fwc.gov.au,
hwp-solarwinds.hollywoodparkca.com,
www.solarwinds.guidewire.com,
www.solarwinds.ncsupport.com,
solarwinds1ptc.dellservices.net,
solarwinds.122.2o7.net,
solarwinds2.win.kennesaw.edu,
solarwindsystem.activatesolutions.net,
solarwindsntadb.ulcc.ac.uk,
solarwinds.corp.fairisaac.com,
solarwinds1.net.ualr.edu,
solarwinds.core.netline.net.uk,
solarwindssales.mkt4972.com,
solarwinds-test.telkomtelstra.net,
solarwinds-vman.ulcc.ac.uk,
solarwinds04.hq.nac.net,
solarwinds.mlvs.mlc.edu.tw,
test2.solarwinds-beta.solarwinds.beta.altinity.cloud,
solarwinds.tcom.purdue.edu,
solarwinds.prod.lifeway.com,
solarwinds-temp.gatech.edu,
mail.solarwinds.jpthijsse-ict.nl,
solarwinds.tools.lab-services.ca,
solarwindsql.its.appstate.edu,
solarwinds.corp.dvd.com,
solarwinds-prod.mindtouch.us,
solarwinds1.rdc.noaa.gov,
solarwinds-ncm0.lmiprod.com,
solarwinds.nsoc.state911.net,
solarwinds01.ad.cellsignal.com,
solarwinds.labs.veritas.com,
dsgn-solarwinds.uoregon.edu,
solarwinds.dc3n.navy.mil,
mail.solarwinds.osmio.ch,
solarwinds-freak.blogspot.com,
solarwinds.dsys.windstream.net,
solarwinds03.hq.nac.net,
solarwinds.jobs.admin-mcas.ms,
mail.solarwinds.axoft.ru,
solarwinds.gslb.wayport.net,
solarwinds-test.synopsys.com,
solarwinds.dcyf.wa.gov,
solarwinds.voip.louisville.edu,
mail.solarwinds.shinedezign.pro,
solarwinds-1986.livejournal.com,
btms-solarwinds.bt.com,
solarwinds.apps.carrier.com,
quiz-solarwinds.syssoft.ru,
solarwindspm.ad.gatech.edu,
solarwinds-2019.unh.edu,
solarwinds.jobs.mcas.ms,
solarwinds.engr.uiowa.edu,
solarwinds-dstg.wag-stage04.net,
smatv-solarwinds.unh.edu,
solarwindsdb.net.tamhsc.edu,
solarwindsdbb.ad.rit.edu,
solarwinds.den02.intelepeer.net,
solarwinds.state.or.us,
solarwinds01a.ad.rit.edu,
solarwindsnew.ci.northwestern.edu,
solarwindsppe.ad.specsavers.com,
solarwinds.shore.mbari.org,
solarwindsenergy.alliancepower-energy.com,
solarwindssm-cdc.it.csiro.au,
www.itsolarwinds.powerschool.com,
solarwinds.orion.net.id,
solarwinds-db.rz.hs-heilbronn.de,
solarwindsdpa.gl.drmax.net,
solarwinds.intra.uwlax.edu,
solarwinds-alert.ruc.dk,
www.mo-solarwinds.dedhamsavings.com,
solarwinds.net.us.cas.ms,
solarwinds.net.eu.cas.ms,
helpdessolarwinds.idekyn.com,
solarwindsdba.ad.rit.edu,
solarwinds.ctisl.gtri.org,
links.solarwinds.mkt5016.com,
solarwindstudios.blogspot.com,
solarwindseoc.ad.specsavers.com,
solarwinds.logsa.army.mil,
reply.solarwinds.mkt5015.com,
solarwinds.com.eu.cas.ms,
go-solarwinds-com.postclickmarketing.com,
solarwinds-lab.ca.ipnms.net,
solarwinds-ntadb.unh.edu,
solarwinds.d2.sc.omtrdc.net,
solarwinds02.vas.hgctr.com,
solarwinds.state.nm.us,
solarwinds.clark.wa.gov,
solarwinds-orion.cisco.com,
solarwinds01b.ad.rit.edu,
reply.solarwinds.mkt5016.com,
solarwinds1.chpc.utah.edu,
solarwindsnpm.ad.gatech.edu,
solarwindsdpaprd.autodesk.com,
dev.solarwindsweb.marzamcorp.com,
solarwinds-dpa.ad.cuyahoga.cc,
solarwindsnet-inc.industrialpartner.com,
solarwinds-vm.mis.mpg.de,
solarwinds.joslin.harvard.edu,
www.solarwinds-01.logility.com,
com.solarwindsusa.qirina.com,
solarwindsdb1.net.ualr.edu,
solarwinds-12.inf.etheric.net,
solarwindsdb2.net.ualr.edu,
www.solarwinds-sa.tawaf.sa,
cpanel.solarwinds.osmio.ch,
solarwindsrebuild.vzbi.com,
solarwinds.net.us2.cas.ms,
solarwinds-web-vip.clemson.edu,
t1.solarwinds.beta.altinity.cloud,
solarwinds.cdmlab.boozallencsn.com,
solarwinds.office.tangazoletu.com,
solarwinds-standard-edition.solarwindsnet.alienpicks.com,
solarwinds.com.sc.omtrdc.net,
solarwinds.ukcipn.tullettprebon.com,
solarwinds1.coeit.osu.edu,
itcsolarwinds.rdc.noaa.gov,
cpanel.solarwinds.shinedezign.pro,
www.ot-solarwinds.thameswater.co.uk,
solarwinds.fiscal.ca.gov,
solarwinds.keesler.af.mil,
solarwindsapp2.net.ualr.edu,
solarwindsapp3.net.ualr.edu,
solarwinds.jobs.eu.cas.ms,
www.solarwinds.it.workiva.net,
www.solarwinds.eu.fleetmatics.host,
www.solarwinds.us.fleetmatics.host,
solarwinds-dollar.syssoft.ru,
solarwinds.sic.rm.cnr.it,
old.solarwindsweb.marzamcorp.com,
solarwindslog1.net.ualr.edu,
solarwinds-app.net.brandeis.edu,
solarwinds.hosted.jivesoftware.com,
solarwinds-db.net.brandeis.edu,
solarwinds01.tacc.utexas.edu,
solarwinds.com.us.cas.ms,
solarwinds-pool.cc.nd.edu,
solarwindsrebuildi.vzbi.com,
solarwinds.com.us2.cas.ms,
solarwinds-sandbox.telkomtelstra.net,
solarwinds.housing.queensu.ca,
solarwinds.net.eu2.cas.ms,
solarwindsdameware.booklikes.com,
itcsolarwinds1.rdc.noaa.gov,
solarwinds.network.portauthority.org,
webmail.solarwinds.shinedezign.pro,
webdisk.solarwinds.shinedezign.pro,
www.solarwindssing.freedomscout.com,
solarwinds.jobs.us.cas.ms,
solarwinds.com.us3.cas.ms,
calibre.solarwinds.marvin.rocks,
webmail.solarwinds.osmio.ch,
www.solarwinds.corp.vibes.com,
spectrum-solarwinds.radiate360.com,
solarwinds.com.eu2.cas.ms,
webdisk.solarwinds.osmio.ch,
solarwinds.acpl.lib.in.us,
solarwinds.net.us3.cas.ms,
ts.solarwinds.beta.altinity.cloud,
solarwinds.hosting.sungardhe.com,
solarwindsdameware.tumblr.com,
solarwindsdb.state.ut.us,
aaa-solarwinds-new.uoregon.edu,
solarwinds.slo.gov.telentmsp.com,
nbi-onc-solarwinds.safaricombusiness.co.ke,
jupyter.solarwinds.marvin.rocks,
solarwinds.medical.washington.edu,
solarwindsapp4.net.ualr.edu,
solarwindsdameware.portfoliobox.net,
solarwindswpm1.net.ualr.edu,
pwdcssolarwinds.co.calstate.edu,
solarwinds-dameware.my-free.website,
solarwinds.jobs.us2.cas.ms,
solarwinds.jobs.us3.cas.ms,
solarwinds-data.rrz.uni-koeln.de,
solarwinds.int.nsoc.state911.net,
solarwinds.pow.gov.telentmsp.com,
solarwinds-neu.rrz.uni-koeln.de,
solarwinds.monitor.callabsolute.com,
solarwindsdameware.spruz.com,
www.hwp-solarwinds.hollywoodparkca.com,
solarwinds.ycs.k12.pa.us,
solarwinds-app.iol.unh.edu,
solarwinds.com.122.2o7.net,
solarwinds.eup.k12.mi.us,
solarwinds.leon.k12.fl.us,
solarwinds.jobs.eu2.cas.ms,
www.solarwinds.corp.fairisaac.com,
solarwinds.einstein.yu.edu,
wff-solarwinds2.ndc.nasa.gov,
solarwinds.anderson.ucla.edu,
solarwinds-v9.hosted.jivesoftware.com,
solarwinds-test.host.ualr.edu,
mail4418.solarwinds.mkt5015.com,
solarwinds-got1.srv.volvo.com,
www.solarwindsystem.activatesolutions.net,
test.solarwinds.beta.altinity.cloud,
mentor-solarwinds.v.ipeer.se,
solarwindsmarketing.mkt4971.com,
solarwinds.outreach.psu.edu,
www.solarwinds.jobs.jibeapply.com,
www.solarwinds.apps.carrier.com,
wff-solarwinds1.ndc.nasa.gov,
solarwinds.internal.ascensus.com,
solarwindscribbling.wordpress.com,
solarwinds.net.corp.jmfamily.com,
dpa.solarwinds.dcyf.wa.gov,
mail4419.solarwinds.mkt5016.com,
solarwinds.software.filedudes.com,
solarwinds.payments.woolworths.com.au,
solarwinds.dev-nsoc.state911.net,
test.solarwinds.eas.iu.edu,
store.solarwindsweb.marzamcorp.com,
solarwindsalert1.net.ualr.edu,
hscn-solarwinds.itps.uk.net,
solarwinds2.software.informer.com,
uhmc-solarwinds.uhmc.sunysb.edu,
solarwindsextensions.pchtechgroup.com,
solarwinds.tusc.k12.al.us,
solarwinds-test.net.cmu.edu,
solarwinds-ipmonitor.softpile.com,
czcareers-solarwinds.icims.com,
dr.solarwinds.fiscal.ca.gov,
solarwinds-trial.lab.twistlock.com,
solarwindsvm-manager.umpi.edu,
solarwinds-ipmonitor.soft112.com,
solarwinds.pierre.k12.sd.us,
dce-solarwindslem.ad.uci.edu,
solarwindsadventures.blogspot.com,
solarwinds.ncchar.ang.af.mil,
solarwinds-db.network.nus.sg,
solarwindsadventures.blogspot.mx,
uscareers-solarwinds.icims.com,
www.solarwindsenergy.alliancepower-energy.com,
sgcareers-solarwinds.icims.com,
solarwindsnetperfmon.servientrega.com,
solarwinds-v8.hosted.jivesoftware.com,
solarwinds.clienthubs.vidyard.com,
staging.solarwindsweb.marzamcorp.com,
solarwinds.com.ssl.sc.omtrdc.net,
solarwindsmaintenance.mkt4973.com,
solarwinds-tftp-server.fd4a.net,
solarwinds-app.network.nus.edu.sg,
solarwinds-tftp-server.waxoo.com,
solarwinds-vm-monintor.soft112.com,
srvsolarwinds.network.portauthority.org,
solarwinds.networking.wfu.edu,
noaaitcsolarwinds.rdc.noaa.gov,
cpcontacts.solarwinds.shinedezign.pro,
solarwindsacquisition.mkt4977.com,
reply.solarwindssales.mkt4972.com,
www.helpdessolarwinds.idekyn.com,
solarwinds-db.network.nus.edu.sg,
magento.solarwindsweb.marzamcorp.com,
solarwinds-tftp-server.softonic.pl,
solarwinds-nta.network.nus.edu.sg,
solarwindsconfirmation.mkt4978.com,
solarwinds-db.internal.harmonia.com,
solarwinds.wrair.amedd.army.mil,
solarwinds-nta.network.nus.sg,
solarwinds-tftp-server.softonic.com.br,
www.solarwinds-sandbox.telkomtelstra.net,
cpcontacts.solarwinds.osmio.ch,
test2.solarwinds.beta.altinity.cloud,
solarwinds.npmfeatures.sgizmo.com,
act-solarwinds-profiler.ucsd.edu,
solarwinds-n-central.en.softonic.com,
solarwinds-app.network.nus.sg,
solarwinds.engineering.uiowa.edu,
solarwinds.clackesd.k12.or.us,
solarwinds-tftp-server.softonic.com,
tftp-server.solarwinds.qarchive.org,
solarwinds-wake-on-lan.softonic.com.br,
testl2.solarwinds.beta.altinity.cloud,
solarwinds-wake-on-lan.softonic.com,
careers-hub-solarwinds.icims.com,
trainingsolarwinds.com.testednet.com,
solarwinds-tftp-server.soft112.com,
solarwinds.com.admin-eu.cas.ms,
solarwinds-wake-on-lan.jaleco.com,
solarwindsapac-sam.apps.carrier.com,
ftwsolarwinds.ftwld.ftw.michelin.com,
solarwinds-lan-got1.srv.volvo.com,
trainingsolarwinds.com.tested.website,
solarwinds.users-survey.sgizmo.com,
solarwinds-dev-sem1.net.uha.nl,
solarwinds.intra.tustin.pgtel.net,
cpcalendars.solarwinds.osmio.ch,
solarwinds.uat3.hosted.jivesoftware.com,
cpcalendars.solarwinds.shinedezign.pro,
hostmaster.solarwinds.us.fleetmatics.host,
solarwinds.centinela.k12.ca.us,
solarwinds-inc.downloads.filetransit.com,
solarwinds.com.admin-eu2.cas.ms,
solarwindsmsp-com.hosts.smtpbranding.com,
solarwindsamer-sam.apps.carrier.com,
solarwinds.jobs.admin-eu.cas.ms,
solarwinds-eoc.int.nsoc.state911.net,
solarwinds.distribution.dla.mil,
solarwinds.orion-status.sgizmo.com,
solarwinds-marketing.s3.amazonaws.com,
solarwinds.jobs.admin-us.cas.ms,
solarwinds-alert-central.soft32.com,
31-80-236-209.solarwinds.ghvalley.net,
solarwinds.net.admin-eu.cas.ms,
solarwinds-dns.freeware.filetransit.com,
solarwindsdbp.uhmc.sbuh.stonybrook.edu,
solarwinds-test.universe.lon.ac.uk,
solarwinds-tftp.freeware.filetransit.com,
solarwinds.jobs.admin-us3.cas.ms,
solarwinds-tftp-server.ar.softonic.com,
solarwinds-data-neu.rrz.uni-koeln.de,
solarwinds.com.admin-us.cas.ms,
solarwinds.com.admin-us2.cas.ms,
solarwinds.com.admin-us3.cas.ms,
solarwinds.net.admin-us.cas.ms,
solarwinds.crdamc.amedd.army.mil,
solarwinds.de.admin-us3.cas.ms,
solarwinds.de.admin-eu2.cas.ms,
solarwinds.hy-vee.com.cdn.cloudflare.net,
uhmc-solarwinds.uhmc.sbuh.stonybrook.edu,
solarwinds-os-x.freeware.filetransit.com,
mail4375.solarwindssales.mkt4972.com,
solarwinds-tftp-server.en.softonic.com,
solarwinds.bear2.houston1.level3.net,
solarwinds-dns.downloads.filetransit.com,
hostmaster.solarwinds.eu.fleetmatics.host,
solarwinds-wake-on-lan.de.softonic.com,
solarwinds-tftp-server.it.downloadre.com,
links.solarwindsmarketing.mkt4971.com,
duluth-airport-solarwinds.compudyne.net,
solarwinds-wake-on-lan.fr.softonic.com,
solarwinds-tftp-server.it.softonic.com,
solarwinds-mspanywhere.en.softonic.com,
reply.solarwindsmarketing.mkt4971.com,
solarwinds-wake-on-lan.it.softonic.com,
solarwinds-tftp-server.fr.softonic.com,
solarwinds.jobs.admin-eu2.cas.ms,
solarwinds.jobs.admin-us2.cas.ms,
solarwinds-wake-on-lan.en.softonic.com,
solarwinds-v9.uat5.hosted.jivesoftware.com,
solarwinds-os-x.downloads.filetransit.com,
solarwindsalb1test.fosdt1.arincdirect.cloud,
solarwinds-tftp-server.de.softonic.com,
reply.solarwindsmaintenance.mkt4973.com,
solarwinds-orion.downloads.filetransit.com,
solarwinds-tftp.downloads.filetransit.com,
solarwinds-tftp-server.nl.softonic.com,
test.beta.solarwinds.beta.altinity.cloud,
solarwinds-ip-scanner.demo.filetransit.com,
solarwinds-storage-manager.sharewarejunction.com,
solarwindsnpm.bca.dps.state.mn.us,
solarwindsapp.server3.10net.amherst.edu,
test3.beta.solarwinds.beta.altinity.cloud,
solarwindsengineerstoolset.booklikes.com,
hostmaster.www.solarwinds.us.fleetmatics.host,
solarwinds-web-help-desk.en.softonic.com,
www.solarwindsapac-sam.apps.carrier.com,
solarwinds-exchange-monitor.smartcode.com,
solarwindsvmdemo.static.ucs.louisiana.edu,
solarwinds-certicamara-00663.trafficmanager.net,
hostmaster.www.solarwinds.eu.fleetmatics.host,
reply.solarwindsacquisition.mkt4977.com,
solarwinds-engineers-toolset.moonfruit.com,
iipsolarwinds.wuinfosys.ais.wustl.edu,
solarwinds-network.freeware.filetransit.com,
solarwinds-sensors.software.filedudes.com,
www.solarwindsamer-sam.apps.carrier.com,
solarwinds-exchange-monitor.soft112.com,
solarwinds-overview.software.filedudes.com,
solarwinds-engineers-toolset.sharewarejunction.com,
reply.solarwindsconfirmation.mkt4978.com,
solarwinds-software.freeware.filetransit.com,
solarwinds-wm.eastus.cloudapp.azure.com,
solarwinds-free-kiwi-cattools.smartcode.com,
solarwinds-software.downloads.filetransit.com,
solarwinds-lanpoller-got3.srv.volvo.com,
solarwinds-free-kiwi-cattools.soft112.com,
solarwinds-engineers-toolset.freedownloadscenter.com,
solarwinds-engineers-toolset.jaleco.com,
solarwindsapplicationmonitor.strikingly.com,
solarwindsapplicationmonitor.portfoliobox.net,
solarwinds-engineers-toolset.soft112.com,
solarwindsapplicationmonitor.puzl.com,
solarwindsapplicationmonitor.hatenablog.com,
solarwindsapplicationmonitor.over-blog.com,
mail4374.solarwindsmarketing.mkt4971.com,
solarwindsaudiodrama.iks.fgq.mybluehost.me,
solarwinds-ip-address-tracker.jaleco.com,
cu-solarwinds-b103a.facilities.rochester.edu,
solarwinds-ip-address-tracker.soft112.com,
solarwinds-engineers-toolset.cabanova.com,
solarwinds-free-snmp-enabler.smartcode.com,
solarwinds-server1.ctnonsite.hosting.co.za,
solarwinds-lanpoller-got1.srv.volvo.com,
solarwinds-lanpoller-got2.srv.volvo.com,
dashboard.k8s.solarwinds.beta.altinity.cloud,
mail4380.solarwindsacquisition.mkt4977.com,
n78-anma1mfw2a--solarwinds.min.navisite.com,
solarwinds-mobile-admin-client.soft112.com,
solarwinds-free-ip-sla-monitor.smartcode.com,
solarwinds-ip-scanner.freeware.filetransit.com,
solarwinds-ip-scanner.downloads.filetransit.com,
solarwinds-lanpoller-got4.srv.volvo.com,
solarwinds-ip-address-tracker.download3000.com,
solarwinds-tutorial.downloads.filetransit.com,
solarwindsapplicationmonitoruk.yolasite.com,
solarwindsdpa-global-1.mgmt.gl.drmax.net,
solarwinds-wan-killer.windows.novellshareware.com,
solarwinds-storage-manager.en.softonic.com,
solarwinds-work.mail.protection.outlook.com,
solarwinds-free-ip-sla-monitor.soft112.com,
solarwinds-network-monitor.demo.filetransit.com,
n78-anma1mfw2b--solarwinds.min.navisite.com,
engineers-edition.solarwindsnet.alienpicks.com,
mail4376.solarwindsmaintenance.mkt4973.com,
solarwinds-database-monitor.en.softonic.com,
solarwinds-fsm-server.software.informer.com,
hostmaster.solarwinds.software.filedudes.com,
solarwinds-ntp-server.software.filedudes.com,
solarwinds.digitalagprod.encirca.pioneer.com,
solarwinds-professional-toolset.download3000.com,
mail4381.solarwindsconfirmation.mkt4978.com,
solarwinds-wmi-monitor.freeware.filetransit.com,
solarwinds-log-event-manager.de.softonic.com,
solarwinds-application-monitor.strikingly.com,
solarwinds-free-ip-sla-monitor.download3000.com,
solarwinds-tftp-server.download.hdttp.com,
solarwinds-speed-test.downloads.filetransit.com,
solarwinds-engineers-toolset.en.softonic.com,
solarwinds-professional-edition.softonic.com,
professional-edition.solarwinds.qarchive.org,
www.solarwindsnpm.bca.dps.state.mn.us,
solarwinds-log-event-manager.en.softonic.com,
solarwindsys-com.mail.protection.outlook.com,
wmi-monitor-solarwinds.downloads.filetransit.com,
solarwinds-tftp-server.downloads.filetransit.com,
solarwinds-web-help-desk-linux.en.softonic.com,
solarwindsdb3-144-167-51-102.ddns.ualr.edu,
solarwinds-ip-address-manager.en.softonic.com,
www.solarwindsaudiodrama.iks.fgq.mybluehost.me,
solarwinds-n-able-msp-manager.en.softonic.com,
solarwinds-wmi-monitor.downloads.filetransit.com,
download-solarwinds-game.windows.novellshareware.com,
solarwinds-engineers-toolset.demo.filetransit.com,
solarwinds-professional-toolset.en.lo4d.com,
solarwinds-ip-address-tracker.en.softonic.com,
solarwinds.cloud-monitoring-survey.sgizmo.com,
solarwindsmsp-ontheroad-emea-2018.solarwindsmsp.com,
hostmaster.hostmaster.solarwinds.us.fleetmatics.host,
solarwinds-patch-manager.software.informer.com,
solarwinds-web-transaction-watcher.smartcode.com,
solarwinds-professional-edition.en.softonic.com,
solarwindsmsp-ontheroad-apac-2018.solarwindsmsp.com,
hostmaster.hostmaster.solarwinds.eu.fleetmatics.host,
solarwinds-empower-msp-2019-atlanta.solarwindsmsp.com,
f5-solarwinds-monitoring-website.ad.dot.gov,
solarwinds-737720345.us-east-1.elb.amazonaws.com,
solarwinds-free-kiwi-syslog-server.soft112.com,
solarwinds-empower-msp-2020-prague.solarwindsmsp.com,
solarwinds-dns-audit-log.downloads.filetransit.com,
solarwinds-engineers-toolset-p9676.123-free-download.com,
solarwinds-ip-network-browser.demo.filetransit.com,
solarwindsails-com.mail.protection.outlook.com,
solarwinds-netflow-realtime.software.informer.com,
solarwindsapp4-144-167-51-115.ddns.ualr.edu,
solarwinds-exchange-monitor.freeware.filetransit.com,
solarwinds-professional-plus-edition.smartcode.com,
solarwinds-free-kiwi-syslog-server.download3000.com,
solarwindsmspsg-com.mail.protection.outlook.com,
solarwinds-network-monitor.freeware.filetransit.com,
solarwinds-1333247997.us-east-1.elb.amazonaws.com,
solarwinds-tftp-server-toolset.demo.filetransit.com,
solarwinds.digitalagnonprod.encirca.pioneer.com,
solarwinds-real-time-netflow-analyzer.sharewarejunction.com,
solarwinds-server-application-monitor.softonic.com.br,
solarwinds-ip-address-management.demo.filetransit.com,
solarwinds-bandwidth-analyzer-pack.en.softonic.com,
solarwinds-engineers-toolset.download.hdttp.com,
solarwinds-engineers-toolset.software.informer.com,
solarwinds-virtualization-monitor.en.softonic.com,
solarwinds-empower-msp-2020-sandiego.solarwindsmsp.com,
solarwinds-network-monitor.downloads.filetransit.com,
solarwinds-bandwidth-analyzer-pack.de.softonic.com,
solarwinds-real-time-netflow-analyzer.soft112.com,
solarwinds-free-permissions-analyzer.smartcode.com,
solarwinds-web-performance-monitor.en.softonic.com,
solarwinds-ip-network-browser.freeware.filetransit.com,
hostmaster.solarwinds-sensors.software.filedudes.com,
solarwindsmsp-ontheroad-emea-sa-2018.solarwindsmsp.com,
solarwinds-alb-979503565.us-west-2.elb.amazonaws.com,
solarwinds-engineers-toolset.downloads.filetransit.com,
solarwinds-bandwidth-analyzer-pack.de.jaleco.com,
advanced-subnet-calculator.solarwinds.alienpicks.com,
hostmaster.solarwinds-overview.software.filedudes.com,
solarwinds-free-kiwi-cattools.download.hdttp.com,
solarwinds-server-application-monitor.de.softonic.com,
solarwinds-tftp-server-toolset.downloads.filetransit.com,
solarwinds-server-application-monitor.apportal.com.br,
solarwinds-engineers-toolset.freeware.filetransit.com,
solarwinds-exchange-monitor.downloads.filetransit.com,
solarwinds-empower-msp-2019-amsterdam.solarwindsmsp.com,
solarwinds-server-application-monitor.en.softonic.com,
hostmaster.hostmaster.www.solarwinds.eu.fleetmatics.host,
solarwinds-network-contact-php.downloads.filetransit.com,
hostmaster.hostmaster.www.solarwinds.us.fleetmatics.host,
hostmaster.solarwinds-ntp-server.software.filedudes.com,
solarwinds-network-monitor-limit.downloads.filetransit.com,
professional-plus-edition.solarwindsnet.alienpicks.com,
solarwinds-ip-network-browser.downloads.filetransit.com,
solarwinds-tftp-server-toolset.freeware.filetransit.com,
solarwinds-switch-port-mapper.downloads.filetransit.com,
solarwinds-network-performance-monitor.de.softonic.com,
solarwindsmsp-ontheroad-apac-2018-elitermm.solarwindsmsp.com,
tucker-solarwinds-poller.connectria.stlt.connpub.com,
solarwindsmarketing-com02e.mail.protection.outlook.com,
hostmaster.hostmaster.solarwinds.software.filedudes.com,
solarwinds-empower-msp-2019-atlanta-elite.solarwindsmsp.com,
solarwinds-server-application-monitor.br.jaleco.com,
hostmaster.solarwinds-wan-killer.windows.novellshareware.com,
solarwinds-voip-network-quality-manager.en.softonic.com,
solarwinds-network-performance-monitor.en.softonic.com,
solarwinds-ip-address-management.freeware.filetransit.com,
devdpaazurecloudsolarwinds.mail.protection.outlook.com,
coda-dc-solarwinds-1695-128-61-253-247.nat.gatech.edu,
solarwinds-ip-address-management.downloads.filetransit.com,
solarwinds-network-monitor-limit.freeware.filetransit.com,
solarwindsmspalb-1706384059.us-east-1.elb.amazonaws.com,
solarwinds-network-topology-mapper.software.informer.com,
solarwinds-network-config-generator.software.informer.com,
solarwinds-empower-msp-2019-amsterdam-elite.solarwindsmsp.com,
solarwinds-database-performance-analyzer.en.softonic.com,
coda-dc-solarwinds-dev-1696-128-61-253-246.nat.gatech.edu,
wmi-monitor-solarwinds-megaupload.downloads.filetransit.com,
solarwinds-storage-resource-monitor.software.informer.com,
solarwinds-free-kiwi-syslog-server.freeware.filetransit.com,
solarwinds-network-configuration-manager.en.softonic.com,
solarwinds-exchange-monitor-snapshots-p11916.123-free-download.com,
hostmaster.download-solarwinds-game.windows.novellshareware.com,
solarwinds-free-kiwi-syslog-server.downloads.filetransit.com,
hostmaster.hostmaster.hostmaster.solarwinds.us.fleetmatics.host,
solarwinds-response-time-viewer-for-wireshark.de.softonic.com,
solarwinds-standard-edition.download-396-10036.programsbase.com,
hostmaster.hostmaster.hostmaster.solarwinds.eu.fleetmatics.host,
solarwinds-standard-edition.download-26-30380.datapicks.com,
solarwinds-response-time-viewer-for-wireshark.en.softonic.com,
solarwinds-serv-u-managed-file-transfer-server.en.softonic.com,
solarwinds-network-performance-monitor.software.informer.com,
hostmaster.hostmaster.solarwinds-sensors.software.filedudes.com,
solarwinds-storage-response-time-monitor.software.informer.com,
hostmaster.hostmaster.solarwinds-overview.software.filedudes.com,
hostmaster.hostmaster.hostmaster.solarwinds.software.filedudes.com,
solarwinds-database-performance-analyzer.software.informer.com,
hostmaster.hostmaster.hostmaster.www.solarwinds.eu.fleetmatics.host,
hostmaster.hostmaster.hostmaster.www.solarwinds.us.fleetmatics.host,
hostmaster.hostmaster.solarwinds-wan-killer.windows.novellshareware.com,
hostmaster.hostmaster.download-solarwinds-game.windows.novellshareware.com,
hostmaster.hostmaster.solarwinds-ntp-server.software.filedudes.com,
hostmaster.hostmaster.hostmaster.hostmaster.solarwinds.eu.fleetmatics.host,
hostmaster.hostmaster.hostmaster.solarwinds-sensors.software.filedudes.com,
hostmaster.hostmaster.hostmaster.hostmaster.solarwinds.us.fleetmatics.host,
hostmaster.hostmaster.hostmaster.hostmaster.www.solarwinds.eu.fleetmatics.host,
hostmaster.hostmaster.hostmaster.solarwinds-overview.software.filedudes.com,
hostmaster.hostmaster.hostmaster.hostmaster.www.solarwinds.us.fleetmatics.host,
hostmaster.hostmaster.hostmaster.solarwinds-ntp-server.software.filedudes.com,
hostmaster.hostmaster.hostmaster.hostmaster.hostmaster.solarwinds.eu.fleetmatics.host,
hostmaster.hostmaster.hostmaster.solarwinds-wan-killer.windows.novellshareware.com,
solarwinds.db-and-db-monitoring-deployment-and-configuration-preferences.sgizmo.com,
hostmaster.hostmaster.hostmaster.hostmaster.hostmaster.solarwinds.us.fleetmatics.host,
hostmaster.hostmaster.hostmaster.download-solarwinds-game.windows.novellshareware.com,
hostmaster.hostmaster.hostmaster.hostmaster.hostmaster.www.solarwinds.eu.fleetmatics.host,
hostmaster.hostmaster.hostmaster.hostmaster.hostmaster.www.solarwinds.us.fleetmatics.host,
hostmaster.hostmaster.hostmaster.hostmaster.hostmaster.hostmaster.solarwinds.us.fleetmatics.host,
hostmaster.hostmaster.hostmaster.hostmaster.hostmaster.hostmaster.solarwinds.eu.fleetmatics.host,
hostmaster.hostmaster.hostmaster.hostmaster.hostmaster.hostmaster.www.solarwinds.us.fleetmatics.host,
hostmaster.hostmaster.hostmaster.hostmaster.hostmaster.hostmaster.www.solarwinds.eu.fleetmatics.host,
hostmaster.hostmaster.hostmaster.hostmaster.hostmaster.hostmaster.hostmaster.www.solarwinds.us.fleetmatics.host,
hostmaster.hostmaster.hostmaster.hostmaster.hostmaster.hostmaster.hostmaster.www.solarwinds.eu.fleetmatics.host,
hostmaster.hostmaster.hostmaster.hostmaster.hostmaster.hostmaster.hostmaster.solarwinds.eu.fleetmatics.host,
hostmaster.hostmaster.hostmaster.hostmaster.hostmaster.hostmaster.hostmaster.solarwinds.us.fleetmatics.host,
hostmaster.hostmaster.hostmaster.hostmaster.hostmaster.hostmaster.hostmaster.hostmaster.solarwinds.eu.fleetmatics.host,
hostmaster.hostmaster.hostmaster.hostmaster.hostmaster.hostmaster.hostmaster.hostmaster.solarwinds.us.fleetmatics.host,
hostmaster.hostmaster.hostmaster.hostmaster.hostmaster.hostmaster.hostmaster.hostmaster.www.solarwinds.eu.fleetmatics.host,
hostmaster.hostmaster.hostmaster.hostmaster.hostmaster.hostmaster.hostmaster.hostmaster.hostmaster.solarwinds.eu.fleetmatics.host,
hostmaster.hostmaster.hostmaster.hostmaster.hostmaster.hostmaster.hostmaster.hostmaster.hostmaster.solarwinds.us.fleetmatics.host,
hostmaster.hostmaster.hostmaster.hostmaster.hostmaster.hostmaster.hostmaster.hostmaster.www.solarwinds.us.fleetmatics.host,
hostmaster.hostmaster.hostmaster.hostmaster.hostmaster.hostmaster.hostmaster.hostmaster.hostmaster.www.solarwinds.us.fleetmatics.host,
hostmaster.hostmaster.hostmaster.hostmaster.hostmaster.hostmaster.hostmaster.hostmaster.hostmaster.www.solarwinds.eu.fleetmatics.host,
hostmaster.hostmaster.hostmaster.hostmaster.hostmaster.hostmaster.hostmaster.hostmaster.hostmaster.hostmaster.solarwinds.eu.fleetmatics.host,
hostmaster.hostmaster.hostmaster.hostmaster.hostmaster.hostmaster.hostmaster.hostmaster.hostmaster.hostmaster.solarwinds.us.fleetmatics.host,
hostmaster.hostmaster.hostmaster.hostmaster.hostmaster.hostmaster.hostmaster.hostmaster.hostmaster.hostmaster.www.solarwinds.eu.fleetmatics.host,
hostmaster.hostmaster.hostmaster.hostmaster.hostmaster.hostmaster.hostmaster.hostmaster.hostmaster.hostmaster.www.solarwinds.us.fleetmatics.host,
hostmaster.hostmaster.hostmaster.hostmaster.hostmaster.hostmaster.hostmaster.hostmaster.hostmaster.hostmaster.hostmaster.solarwinds.eu.fleetmatics.host,
hostmaster.hostmaster.hostmaster.hostmaster.hostmaster.hostmaster.hostmaster.hostmaster.hostmaster.hostmaster.hostmaster.www.solarwinds.us.fleetmatics.host,
hostmaster.hostmaster.hostmaster.hostmaster.hostmaster.hostmaster.hostmaster.hostmaster.hostmaster.hostmaster.hostmaster.solarwinds.us.fleetmatics.host,
hostmaster.hostmaster.hostmaster.hostmaster.hostmaster.hostmaster.hostmaster.hostmaster.hostmaster.hostmaster.hostmaster.www.solarwinds.eu.fleetmatics.host,
hostmaster.hostmaster.hostmaster.hostmaster.hostmaster.hostmaster.hostmaster.hostmaster.hostmaster.hostmaster.hostmaster.hostmaster.solarwinds.us.fleetmatics.host,
hostmaster.hostmaster.hostmaster.hostmaster.hostmaster.hostmaster.hostmaster.hostmaster.hostmaster.hostmaster.hostmaster.hostmaster.www.solarwinds.us.fleetmatics.host,
hostmaster.hostmaster.hostmaster.hostmaster.hostmaster.hostmaster.hostmaster.hostmaster.hostmaster.hostmaster.hostmaster.hostmaster.www.solarwinds.eu.fleetmatics.host,
hostmaster.hostmaster.hostmaster.hostmaster.hostmaster.hostmaster.hostmaster.hostmaster.hostmaster.hostmaster.hostmaster.hostmaster.hostmaster.hostmaster.solarwinds.us.fleetmatics.host,
hostmaster.hostmaster.hostmaster.hostmaster.hostmaster.hostmaster.hostmaster.hostmaster.hostmaster.hostmaster.hostmaster.hostmaster.solarwinds.eu.fleetmatics.host,
hostmaster.hostmaster.hostmaster.hostmaster.hostmaster.hostmaster.hostmaster.hostmaster.hostmaster.hostmaster.hostmaster.hostmaster.hostmaster.solarwinds.eu.fleetmatics.host,
hostmaster.hostmaster.hostmaster.hostmaster.hostmaster.hostmaster.hostmaster.hostmaster.hostmaster.hostmaster.hostmaster.hostmaster.hostmaster.www.solarwinds.eu.fleetmatics.host,
hostmaster.hostmaster.hostmaster.hostmaster.hostmaster.hostmaster.hostmaster.hostmaster.hostmaster.hostmaster.hostmaster.hostmaster.hostmaster.www.solarwinds.us.fleetmatics.host,
hostmaster.hostmaster.hostmaster.hostmaster.hostmaster.hostmaster.hostmaster.hostmaster.hostmaster.hostmaster.hostmaster.hostmaster.hostmaster.hostmaster.solarwinds.eu.fleetmatics.host,
hostmaster.hostmaster.hostmaster.hostmaster.hostmaster.hostmaster.hostmaster.hostmaster.hostmaster.hostmaster.hostmaster.hostmaster.hostmaster.solarwinds.us.fleetmatics.host,
hostmaster.hostmaster.hostmaster.hostmaster.hostmaster.hostmaster.hostmaster.hostmaster.hostmaster.hostmaster.hostmaster.hostmaster.hostmaster.hostmaster.www.solarwinds.us.fleetmatics.host,
hostmaster.hostmaster.hostmaster.hostmaster.hostmaster.hostmaster.hostmaster.hostmaster.hostmaster.hostmaster.hostmaster.hostmaster.hostmaster.hostmaster.www.solarwinds.eu.fleetmatics.host,