domainName,
terraform.earth.how,
terraform.camus.chat,
terraform.immanuel.co,
terraform.oddhurt.org,
terraform.tasksgrim.com,
terraform.pacificlife.com,
terraform.wwtatc.com,
terraform.nimbis.net,
terraform.yutaron.tokyo,
terraform.lowes.com,
terraform.zoomdev.us,
terraform.mlbinfra.net,
terraform.gitlab.training,
terraform.schrodingerstudios.com,
terraform.peterpepperman.com,
terraform.enta.net,
terraform.petc.com,
terraform.techhappy.ca,
terraform.nominet-cyber.com,
terraform.ihsmarkitcloud.com,
terraform.devck.info,
terraform.firmtress.com,
terraform.outputsite.eu,
terraform.ufunr.net,
terraform.wotan.org,
terraform.symops.io,
terraform.tier-services.io,
terraform.exoit.de,
terraform.tabula.site,
terraform.voidlinux.org,
terraform.nikitavbv.com,
terraform.quillie.app,
terraform.robovision.ai,
terraform.duffandphelps.com,
terraform.smartscreening.de,
terraform.expertlyglobal.com,
terraform.mckinsey.cloud,
terraform.devbenjamin.com,
terraform.netbr.com.br,
terraform.jamesaskham.us,
terraform.wildkeying.com,
terraform.insops.net,
terraform.eng.fox,
terraform.gametrek.ru,
terraform.lguplus.co.kr,
terraform.toyotaconnected.net,
terraform.redaptcloud.com,
terraform.cerebralfix.com,
terraform.go-atmosphere.com,
terraform.peterborg.eu,
terraform.revaws.com,
terraform.staffbase.com,
terraform.ddns.net,
terraform.easy-ssp.com,
terraform.corebernetes.com,
terraform.tylerportico.com,
terraform.freshworkscorp.com,
terraform.evilpaid.com,
terraform.topgolf.io,
terraform.thedevcoach.co.uk,
terraform.newgrounds.com,
terraform.musta.ch,
terraform.airplus.com,
terraform.annotract.de,
terraform.se-charter.net,
terraform.retroheart.net,
terraform.capgemini-rpa-coe.com,
terraform.egnyte-internal.com,
terraform.pixelpark.com,
terraform.shizman.com,
terraform.taco.limo,
terraform.airbnb.biz,
terraform.hackthecloud.dev,
terraform.turboique.com,
terraform.coop.no,
terraform.sheridanc.on.ca,
terraform.sourceforge.net,
terraform.icalbest.net,
terraform.isserious.business,
terraform.kpsc.io,
terraform.mightyharp.com,
terraform.nohaypordonde.com,
terraform.stablepoint.com,
terraform.jakehoward.tech,
terraform.derekops.com,
terraform.cubes.art,
terraform.takkyuuplayer.com,
terraform.nulinga.com,
terraform.freshdev.ca,
terraform.xs4all.nl,
terraform.soft112.com,
terraform.csiro.cloud,
terraform.gillville.com,
terraform.rightsline.eu,
terraform.fusion-vox.holdings,
terraform.pickcells.bio,
terraform.sqreemtech-dev.com,
terraform.1edtech.net,
terraform.elastix.com,
terraform.savecallict.de,
terraform.gepredixcloud.com,
terraform.tie-challenges.com,
terraform.thriveglobal.com,
terraform.revionics.com,
terraform.jibrisondemand.com,
terraform.aitmoulid.fr,
terraform.sourceforge.io,
terraform.folkisz.pl,
terraform.synaptic.cl,
terraform.akuma.io,
terraform.clayton.net,
terraform.bluesquare.org,
terraform.tandemdiabetes.com,
terraform.toronto-distribution.com,
terraform.ahunga.co.nz,
terraform.functioncompute.com,
terraform.be-mo.io,
terraform.genihost.co.uk,
terraform.jsaspoc.net,
terraform.mytomorrows.com,
terraform.prometdev.com,
terraform.h0st3d.net,
terraform.joestack.xyz,
terraform.xnsck.com,
terraform.takescoop.com,
terraform.legalos.io,
terraform.szkoladevops.com,
terraform.jceddy.com,
terraform.rankfar.com,
terraform.unifiedtrip.com,
terraform.hansoo.xyz,
terraform.tivo.com,
terraform.chinamenwang.com,
terraform.realperson2.de,
terraform.etch.tech,
terraform.income.com.sg,
terraform.qcinternal.io,
terraform.modernized.sh,
terraform.bee-a-learner.com,
terraform.apollo.total,
terraform.apollorion.com,
terraform.appdat.io,
terraform.aquadeath.com,
terraform.cozysage.net,
terraform.gcp.total,
terraform.ips.nl,
terraform.kingidle.com,
terraform.palantir.tech,
terraform.socialsurvey.me,
terraform.watkins.io,
terraform.ssnc-corp.cloud,
terraform.goffinet.org,
terraform.datacenter-architect.net,
terraform.valfi.com,
terraform.moultup.com,
terraform.lumaops.com,
terraform.observeinc.com,
terraform.decentraland.org,
terraform.eco-smart-solutions.com,
terraform.observe-eng.com,
terraform.live.page,
terraform.observe-ops.com,
terraform.rbcloudsandbox.com,
terraform.atkodemo.com,
terraform.eksgranit.hu,
terraform.generalmills.com,
terraform.itsmgroup.com,
terraform.micronode.io,
terraform.wholehogsoftware.com,
terraform.mmtseguros.es,
terraform.viljami.io,
terraform.webresource.ml,
terraform.bornkeen.us,
terraform.petco.com,
terraform.escapade.design,
terraform.atoscamp.net,
terraform.mmtseguros.com,
terraform.delphire.io,
terraform.grabilityops.com,
terraform.lamberson.online,
terraform.immcanadian.com,
terraform.me0wster.com,
terraform.tiedfake.com,
terraform.3cx.agency,
terraform.connected.bmw,
terraform.cubits.com,
terraform.homedepot.com,
terraform.siteconnectcs.com,
terraform.lgx.io,
terraform.premera.cloud,
terraform.huminaqua.hu,
terraform.homesalesclub-api.com,
terraform.rightsline.com,
terraform.rcdaim.com,
terraform.monitaur.ai,
terraform.mrmrshomes.de,
terraform.treehouses.io,
terraform.wpengine.com,
terraform.blackfire.pro,
terraform.csgmp.com,
terraform.mckinsey.digital,
terraform.obsidianportal.com,
terraform.worddetector.com,
terraform.blockdaemon.com,
terraform.villageprint.com,
terraform.cfapi.net,
terraform.devopsart.dev,