domainName,
vmware.aticconsultoria.com.br,
vmware.onecomet.co.nz,
vmware.cs-gate.de,
vmware.cssoferie.com,
vmware.drogopol.pl,
vmware.enterpriseittools.com,
vmware.freeboard.io,
vmware.jetbeast.com,
vmware.lucschreven.nl,
vmware.mashlabs.net,
vmware.minergr.com.br,
vmware.ntp-updates.org,
vmware.offshore4you.eu,
vmware.stargate.ca,
vmware.t2web.com.br,
vmware.target.lodz.pl,
vmware.technomancer.com,
vmware.vpsbox.co.uk,
vmware.web2chantier.com,
vmware.weissonline.de,
vmware.adamdein.com,
vmware.as.huji.ac.il,
vmware.avantibr.com.br,
vmware.bulenttolu.com,
vmware.compdashboard.com,
vmware.conres.com,
vmware.effektfabriken.se,
vmware.framework-reconfig.com,
vmware.hermon.net,
vmware.it4buh.ru,
vmware.kevspace.com,
vmware.kitaboo.com,
vmware.mailingpromotion.com,
vmware.sajtic-projects.com,
vmware.scminvest.com,
vmware.techsystemsconsulting.com,
vmware.vdx.nl,
vmware.xes.hu,
vmware.zxcs.nl,
vmware.aramblog.ir,
vmware.winsite.com,
vmware.com.com,
vmware.qtax.se,
vmware.i-teco.ru,
vmware.insightmedicalultrasound.co.uk,
vmware.blackequipment.com,
vmware.eventshoppe.in,
vmware.papirfly.com,
vmware.seimaxim.com,
vmware.rtrsi.com,
vmware.open-attitude.cloud,
vmware.lanyun.net,
vmware.love4taylor.me,
vmware.tcwengineering.co.uk,
vmware.aiens.nl,
vmware.etihadregional.com,
vmware.fin-ncloud.com,
vmware.fonefactors.co.uk,
vmware.gettrials.com,
vmware.gottlieb.info,
vmware.mindcryme.com,
vmware.mogo2.jp,
vmware.naxs.com,
vmware.net-spark.com,
vmware.nomadcf.com,
vmware.nuvobilisim.com,
vmware.ovgtele.com,
vmware.pkbits.com,
vmware.proassassins.com,
vmware.psdburn.com,
vmware.redlandsclinic.com.au,
vmware.rit.edu,
vmware.sct.de,
vmware.sddc.host,
vmware.sefoimaging.com,
vmware.server.se,
vmware.shinedezign.pro,
vmware.stgmed.com.au,
vmware.stormnet.pl,
vmware.strowgernet.pl,
vmware.tpdc.net,
vmware.trendmicro.com,
vmware.arielnet.ru,
vmware.broadtela.com,
vmware.cms.gov,
vmware.conversa.it,
vmware.cornerstoneservices.org.sg,
vmware.flatzi.net,
vmware.ddsatnet.com.br,
vmware.greenberry.com,
vmware.tv.tr,
vmware.mlind.net,
vmware.washingtonlift.com,
vmware.sanos.com.ar,
vmware.superunderwear.org,
vmware.malavida.com,
vmware.meetup.com,
vmware.fdetec.org.ec,
vmware.slashdata.co,
vmware.globalgate.com.ar,
vmware.nexeonhosting.com,
vmware.faema.edu.br,
vmware.tukangserver.id,
vmware.live-panorama.com,
vmware.doge.uno,
vmware.connpass.com,
vmware.womenintechreview.com,
vmware.diss.si,
vmware.pc-college.de,
vmware.aisibishman.com.pg,
vmware.alfanet.hu,
vmware.bitnami.com,
vmware.deribit.com,
vmware.withk5youcan.com,
vmware.macso.nl,
vmware.mi-laborers.org,
vmware.healbit.ch,
vmware.mtbone.one,
vmware.passhe.edu,
vmware.puntsistemes.com,
vmware.iyibirhost.com,
vmware.tramgroup.com,
vmware.wlnd.network,
vmware.marthy.xyz,
vmware.0x3g3n.com,
vmware.investlinux.com.br,
vmware.jirismolak.eu,
vmware.advancedecm.nl,
vmware.metagawlab.com,
vmware.brbeck.net,
vmware.dan365.me,
vmware.datafort.com.br,
vmware.sirail.fr,
vmware.siwnet.net,
vmware.swanlefta.fr,
vmware.tamu.edu,
vmware.torgeir.us,
vmware.whmcsglobalservices.com,
vmware.falatelecom.net.br,
vmware.hacipetlay.fr,
vmware.interworld.net,
vmware.khsolution.pl,
vmware.mbeck.nl,
vmware.mwtit.hu,
vmware.netflowlogic.com,
vmware.paulsen.no,
vmware.redbanana.nl,
vmware.solaris-its.com,
vmware.sunyit.edu,
vmware.getyourcouponcodes.com,
vmware.langweb.eu,
vmware.schunke.network,
vmware.salarens.nl,
vmware.martin-translations.de,
vmware.kortuem.biz,
vmware.uindy.edu,
vmware.ku.de,
vmware.bradwiley.work,
vmware.iasset.com,
vmware.voskanapat.info,
vmware.sierrana.co.uk,
vmware.mcdanielcpa.com,
vmware.arrowdemo.se,
vmware.bludicka.eu,
vmware.cramerlab.com,
vmware.cannet.com,
vmware.cloudtigo.com,
vmware.egf.ru,
vmware.redpeep.com,
vmware.europ-elec.fr,
vmware.rikairchy.net,
vmware.roeggi.ch,
vmware.xanthic.fi,
vmware.pi.se,
vmware.starlord.ca,
vmware.6comsrl.it,
vmware.appycodes.com,
vmware.attivihost.com,
vmware.d3solutions.com,
vmware.devnet.by,
vmware.duximus.nl,
vmware.guilhermet.fr,
vmware.imars.fr,
vmware.janwerner.de,
vmware.kuchaknig.ru,
vmware.loonloon.nl,
vmware.dweetpro.io,
vmware.softprom.com,
vmware.grouptools.eu,
vmware.lasalletech.net,
vmware.myhomedatacenter.com.br,
vmware.pnpcomp.com,
vmware.rublica.ru,
vmware.tameeshk.com,
vmware.zeppy.cz,
vmware.stkpromotions.com,
vmware.thetrailingslash.io,
vmware.nathael.site,
vmware.webjackmorton.com,
vmware.sharedvue.net,
vmware.zift123.com,
vmware.vm-v.com,
vmware.cmebg.com,
vmware.rcloud.ru,
vmware.easyevent.cz,
vmware.detfri.dk,
vmware.pouhome.net,
vmware.idct.tw,
vmware.etter.no,
vmware.jo-light.nl,
vmware.noohi.org,
vmware.thlmn.ch,
vmware.pcserviceburgas.com,
vmware.jmweb.ca,
vmware.bcwebcams.com,
vmware.ranktechnologies.com,
vmware.inworks.ru,
vmware.arwingship.nl,
vmware.adaptivenet.ro,
vmware.aislabs.com,
vmware.ankarloo.nu,
vmware.barrynijkamp.nl,
vmware.betam.it,
vmware.bih-security.com,
vmware.blaketravel.com.ar,
vmware.bluet3.net,
vmware.bridgemate.nl,
vmware.c4cmedia.com,
vmware.cegeplimoilou.ca,
vmware.demkiv.pro,
vmware.elescosmetics.com.au,
vmware.experience.as,
vmware.familyhealth.me,
vmware.finaris.de,
vmware.gamerz.net,
vmware.huniu.win,
vmware.ineedcpr.com,
vmware.interviewerassistant.com,
vmware.jaxusmeizo.eu,
vmware.jobindex.dk,
vmware.kimedical.com.au,
vmware.koukaki.tech,
vmware.medianet.pl,
vmware.milonet.org,
vmware.mnogobyte.ru,
vmware.novolink.net.br,
vmware.orbitisp.net,
vmware.phoenixnap.com,
vmware.probstberg.de,
vmware.rayservers.com,
vmware.regberink.nl,
vmware.rootda.org,
vmware.rulweb.ru,
vmware.shooiq.com,
vmware.springgrove.coop,
vmware.storagechile.com,
vmware.suzyq-records.de,
vmware.verious.com,
vmware.xomatech.com,
vmware.softcatcampaigns.com,
vmware.bountynz.com,
vmware.pmbhelp.com,
vmware.finealyze.com,
vmware.jgawarec.space,
vmware.freshservice.com,
vmware.redby.fr,
vmware.yujji.ovh,
vmware.impuls-ivc.ru,
vmware.github.io,
vmware.cioreview.com,
vmware.pioneer-usa.com,
vmware.arnsi.ch,
vmware.pctherapist.us,
vmware.lc71.net,
vmware.holtztech.info,
vmware.itotimes.com,
vmware.site24x7.online,
vmware.jknetprovedor.com.br,
vmware.confedge.com,
vmware.workstation.pro,
vmware.vcloud.net,
vmware.3cx.us,
vmware.amotiq.cz,
vmware.bessedik.site,
vmware.clb-berlin.de,
vmware.domain.com,
vmware.enchantica.com,
vmware.fuzzynavel.jp,
vmware.globe.de,
vmware.grygov.cz,
vmware.hostuj.to,
vmware.ipera.com.au,
vmware.itgardencloud.se,
vmware.ivanwaterman.nl,
vmware.kayhanbelek.com.tr,
vmware.kingsgate-ifa.co.uk,
vmware.kmw.ie,
vmware.linsoft.pe,
vmware.mailxchge1.com,
vmware.minixel.com,
vmware.mktoweb.com,
vmware.paycom.com,
vmware.pcbsd.org,
vmware.pdq.net,
vmware.perfectbackup.nl,
vmware.rhynonetworks.com,
vmware.shd-servers.co.uk,
vmware.smartflex.ne.jp,
vmware.snapshotit.com,
vmware.speedhd.org,
vmware.spootnik-server.fr,
vmware.takewyn.com,
vmware.tradenark.com.ua,
vmware.webaway.dk,
vmware.winbasic.com.au,
vmware.xphysics.net,
vmware.you2.pl,
vmware.zoo.co.jp,
vmware.cloud.com,
vmware.zinfi.com,
vmware.brothersoft.com,
vmware.creaktor.com,
vmware.xmsoft.de,
vmware.urbn8.com,
vmware.cyberpress.net,
vmware.myds.me,
vmware.desmottes-meynes.ovh,
vmware.tears-drop.com,
vmware.qwertyinak.com,
vmware.gordonsuk.co.uk,
vmware.sharewarejunction.com,
vmware.allegiancetech.com,
vmware.essentialink.com,
vmware.pccorp.com.ar,
vmware.driekeervallen.nl,
vmware.i95.net,
vmware.joineer.com,
vmware.kallen.cz,
vmware.marcelmulders.nl,
vmware.redeallword.com.br,
vmware.millersville.edu,
vmware.tfischer.net,
vmware.newlifetelecom.net.br,
vmware.tpartyka.de,
vmware.vaachar.de,
vmware.ostrowski.pl,
vmware.netsum.it,
vmware.breedeweg.online,
vmware.brsdns.com,
vmware.mrtechon.net,
vmware.stirlingmedical.com.au,
vmware.symantec.com,
vmware.tkt-net.pl,
vmware.real-team.net,
vmware.richardpruett.com,
vmware.simitu.dk,
vmware.blacksunx.net,
vmware.eclfuelquip.com.au,
vmware.electrithings.com,
vmware.nuhosting.cloud,
vmware.jksbandalarga.com.br,
vmware.soshe.sk,
vmware.way4me.ru,
vmware.lockyse7en.com,
vmware.weers-online.net,
vmware.marvin-gerstner.de,
vmware.wor.net,
vmware.msi-inv.com,
vmware.ntcom.com.br,
vmware.parkinsonhowe.co.uk,
vmware.quasimatic.com,
vmware.radio-techsupport.net,
vmware.samregion.ru,
vmware.a1.nl,
vmware.basn.se,
vmware.beauit.com,
vmware.casper-friis.dk,
vmware.gelsenkirchen.de,
vmware.9xhost.info,
vmware.knag.ch,
vmware.nipp.in,
vmware.wesselatho.me,
vmware.tough-construction.com,
vmware.israelclouds.com,
vmware.rancherlab.cloud,
vmware.cioreviewindia.com,
vmware.redhosting.com.ar,
vmware.mphlab.com,
vmware.artemmikhailov.ru,
vmware.freedomit.co.za,
vmware.triples.com.br,
vmware.pictureshack.ru,
vmware.structuredchannel.com,
vmware.antworx.in,
vmware.fr-manual.com,
vmware.cvent.com,
vmware.gopleteo.com,
vmware.verzamelgids.nl,
vmware.gigasource.io,
vmware.kodaikoko.ed.jp,
vmware.iponomarev.org,
vmware.mcc.wa.edu.au,
vmware.ncloud.com,
vmware.nech.me,
vmware.topnet.mn,
vmware.lediga.st,
vmware.michielan.cloud,
vmware.mpl.nl,
vmware.unideagroup.com,
vmware.jnetcomtelecom.com.br,
vmware.alsaterr.fr,
vmware.anonos.net,
vmware.baskent.edu.tr,
vmware.carttec.org,
vmware.citrusly.com,
vmware.cyberhost.co,
vmware.dobson.nu,
vmware.eventelling.com,
vmware.fedrampconnect.com,
vmware.labnat.xyz,
vmware.nsdiensten.nl,
vmware.plrnet.net,
vmware.quelle-formation.com,
vmware.selkointernet.com.br,
vmware.shansiinvest.al,
vmware.wendt-it.net,
vmware.cioapplications.com,
vmware.pedrodelgado.ca,
vmware.zyedge.com,
vmware.rameshrao.info,
vmware.impa.br,
vmware.cloudtechconnect.com,
vmware.xxkt.org,
vmware.playpass.com,
vmware.zoekvinden.nl,
vmware.force.com,
vmware.allocadia.com,
vmware.indahauz.com,
vmware.amrcloud.com.br,
vmware.jens-koegler.de,
vmware.guidelli.net,
vmware.moderngroup.com,
vmware.ecovadis.com,
vmware.ready-to-run.com,
vmware.roinnovation.com,
vmware.typepad.com,
vmware.fr-manuals.com,
vmware.bell-sw.com,
vmware.codian.com,
vmware.extroforge.com,
vmware.ezgeta.ch,
vmware.faqserv.com,
vmware.fleetpartsonline.com,
vmware.healthfair.com,
vmware.heureka.cz,
vmware.htoc.com,
vmware.lunchile.com,
vmware.luye.com,
vmware.nethemba.com,
vmware.possling.de,
vmware.prospectro.dk,
vmware.syf.nl,
vmware.tele-event.nl,
vmware.totalstudio.hu,
vmware.ttech.com.au,
vmware.weboom.com,
vmware.cmtelecompe.com.br,
vmware.coom.com.cn,
vmware.dcdnss.com,
vmware.mlkainteractive.com,
vmware.msender.net,
vmware.ptncs.com,
vmware.ptspb.ru,
vmware.rc-camp.eu,
vmware.tmhf.is,
vmware.suggestsoft.com,
vmware.softplatz.net,
vmware.ikbenhetvergeten.nl,
vmware.pleteo.com,
vmware.ggstuff.ga,
vmware.boothsquad.com,
vmware.singlemaltv.com,
vmware.fdetec.ec,
vmware.zorch.com,
vmware.hypernode.io,
vmware.digiinfo.com,
vmware.lastcomputers.com,
vmware.calydonitacademy.com,
vmware.tosmo.jp,
vmware.influitive.com,
vmware.nirats.space,
vmware.campaign-emarketing.com,
vmware.a2cloud.dev,
vmware.stailer-group.ru,
vmware.connorapp.com,
vmware.trchen.tw,
vmware.actricesdefrance.net,
vmware.all3.it,
vmware.rawn.ca,
vmware.ncabete.com,
vmware.amd-osx.com,
vmware.voitcloud.ch,
vmware.isvinc.com,
vmware.sikoratech.com,
vmware.edvfalk.net,
vmware.usedvermeertexas.com,
vmware.devfirma.com.br,
vmware.emali.io,
vmware.vermeeriowa.com,
vmware.vermeertexas.com,
vmware.3cx.co,
vmware.agenciaotimaideia.com.br,
vmware.agri-obtentions.fr,
vmware.biz.org,
vmware.ceconsultoriati.com.br,
vmware.csapi.hu,
vmware.mestokladno.cz,
vmware.provedornetlux.com.br,
vmware.qcommission.net,
vmware.qiuya.info,
vmware.radiodecibel.nl,
vmware.revotas.net,
vmware.rucls.net,
vmware.svitla.com,
vmware.jjags.de,
vmware.kaikeba.com,
vmware.mysticuniverse.org,
vmware.ngloba.com,
vmware.nxo-graz.at,
vmware.sowe.nl,
vmware.zendhax.com,
vmware.certushost.com,
vmware.checkinpoint.net,
vmware.di-net.pl,
vmware.kars7e.io,
vmware.kienel.net,
vmware.outsourceit.com,
vmware.seacombemedical.com,
vmware.wisetechadvice.com,
vmware.eo.cz,
vmware.twittergids.nl,
vmware.stratacu.net,
vmware.sanjuancounty.org,
vmware.ervine.dev,
vmware.progm.ru,
vmware.saller.ltd,
vmware.protectera.se,
vmware.lot15salon.com,
vmware.fqdn.nl,
vmware.wisemetals.com,
vmware.expo.brussels,
vmware.lousy.biz,
vmware.hilousa.com,
vmware.ac7.ru,
vmware.eamc.org,
vmware.3ty.com,
vmware.amumc.nl,
vmware.bankware.nl,
vmware.baseno.de,
vmware.beotel.net,
vmware.cits.com.sa,
vmware.coloti.se,
vmware.colson-europe.com,
vmware.connect.psi.br,
vmware.ctf15.com,
vmware.dominykas.no,
vmware.ejcs.nl,
vmware.go2host.ml,
vmware.goodyclancy.com,
vmware.hardonline.com.br,
vmware.horkanet.cz,
vmware.host-host.ru,
vmware.host.ru,
vmware.ibs.com.ec,
vmware.ilcs.net,
vmware.inkosindo.com,
vmware.jatek.pl,
vmware.jbag.fr,
vmware.joeysbox.com,
vmware.kogetsu.org,
vmware.komk.fr,
vmware.liberatephysiciancenters.com,
vmware.linknetporto.com.br,
vmware.milani-studio.de,
vmware.ntp-pools.org,
vmware.okosoft.no,
vmware.server.biz,
vmware.slack.com,
vmware.theovertakers.de,
vmware.usddtoken.io,
vmware.weblara.com.br,
vmware.yoncu.com,
vmware.smartchoiceitsolutions.co.uk,
vmware.nasu.cloud,
vmware.panificadorafaustino.com.br,
vmware.hoyohoyo.ovh,
vmware.dgp.cafe,
vmware.rmgtechfolio.com,
vmware.cafebonappetit.com,
vmware.vcenter.ir,
vmware.interrupt.ist,
vmware.adicomgroup.com,
vmware.lotrnet.site,
vmware.cm9.ca,
vmware.computacenter-live.be,
vmware.satva.software,
vmware.mitchellp.net,
vmware.gmevents.ae,
vmware.sitespect.eu,
vmware.ingrammicropartner.com.br,
vmware.sumppen.net,
vmware.uti.co.id,
vmware.atmyyard.com,
vmware.da-silva.eu,
vmware.ictacademie.net,
vmware.incloudexpo.com,
vmware.resorel.org,
vmware.vliet.io,
vmware.andersonfamilynetwork.com,
vmware.genevageneral.org,
vmware.its-doern.at,
vmware.greenlight.kg,
vmware.scd.org,
vmware.valuestoryapp.com,
vmware.itst.org,
vmware.aulasneo.com,
vmware.renaissanceunity.org,
vmware.uct.ac.za,
vmware.splode.uk,
vmware.audiclub.fi,
vmware.bigbear.dk,
vmware.izhmash.ru,
vmware.nowakowski.ovh,
vmware.smartvet.biz,
vmware.tamisoft.com,
vmware.yfu-is.org,
vmware.yooino.de,
vmware.zauncenter.de,
vmware.2wheel-distribution.com,
vmware.acad.bg,
vmware.allovirus.com,
vmware.carefox.se,
vmware.climate-eval.org,
vmware.cormite.com,
vmware.crowhost.com,
vmware.delseibotech.com,
vmware.digitaltech4all.cloud,
vmware.ezsm.net,
vmware.intranets.co.kr,
vmware.mailbox.ro,
vmware.nested.host,
vmware.noris.de,
vmware.regiokabel.nl,
vmware.schou.me,
vmware.sfmx.org,
vmware.invasion.be,
vmware.iseccon.net,
vmware.jarsat.pl,
vmware.k3ychain.net,
vmware.kossmann.org,
vmware.murtekit.co.uk,
vmware.neptunepacific.com,
vmware.nscctruro.ca,
vmware.pickles.ga,
vmware.squarespace.com,
vmware.starlightnetworks.ie,
vmware.varico.pl,
vmware.allmoney.market,
vmware.uniag.sk,
vmware.sdseacoast.com,
vmware.nvidiagrid.net,
vmware.nationsuccess.com,
vmware.nerdtonik.com,
vmware.dsii.net,
vmware.dgraves.com,
vmware.lugora.com,
vmware.sovlabs.com,
vmware.landisgroup.com,
vmware.julesclarysse.com,
vmware.client-solutions.fr,
vmware.x-speed.cc,
vmware.rounas.net,
vmware.lynxs.be,
vmware.dekhatroops.com,
vmware.beamery.com,
vmware.sinku.me,
vmware.sodium.ovh,
vmware.solustop.com,
vmware.stratuscloud.co.za,
vmware.globalhostinc.com,
vmware.kahuna-projects.info,
vmware.kitcinema.ru,
vmware.kombank.com,
vmware.pegasusnetwork.nl,
vmware.pigpigpig.hk,
vmware.pin-ag.de,
vmware.sdxmessaging.com,
vmware.unibrands.com,
vmware.video-direct.net,
vmware.vmlab.ru,
vmware.xrobau.com,
vmware.zendesk.com,
vmware.tozen.rocks,
vmware.transio.nl,
vmware.adriaairways.ch,
vmware.adufscar.org.br,
vmware.anjep.com,
vmware.ashlandhospital.org,
vmware.brontobytecloud.com,
vmware.chasseconsulting.com,
vmware.galvagnistore.it,
vmware.condortech.com,
vmware.contosolab.de,
vmware.dns-be.com,
vmware.duquesnoy.info,
vmware.easytech.com.cy,
vmware.jsi.one,
vmware.my-lab.cloud,
vmware.onetsolutions.me,
vmware.secupath.com,
vmware.pyd.io,
vmware.mharwood.uk,
vmware.screenstepslive.com,
vmware.mdcloud.es,
vmware.mediavillage.de,
vmware.sibaserver.com,
vmware.togogo.net,
vmware.it-online.co.za,
vmware.jhanaeducation.com,
vmware.sheffield.ac.uk,
vmware.wshovius.nl,
vmware.agterof.com,
vmware.link2will.com,
vmware.tabchat.com.br,
vmware.marrol.nl,
vmware.trimergence.com,
vmware.mw-mdesk.de,
vmware.nano.lv,
vmware.pheasyo.ch,
vmware.pol.it,
vmware.pop-tools.de,
vmware.popart.hk,
vmware.prokoda.de,
vmware.pv-ms.de,
vmware.sky-vocalo.com,
vmware.swiftmedia.ca,
vmware.turazlab.com,
vmware.yolasite.com,
vmware.gregorcic.si,
vmware.webdevpreview.co.uk,
vmware.1j.se,
vmware.bertgeelen.com,
vmware.creationmw.com,
vmware.dronysitmp.cz,
vmware.kdn.co.ke,
vmware.fantros.net,
vmware.insidesign.com.br,
vmware.o4ware.com,
vmware.webfiberinternet.com.br,
vmware.cioreview1.com,
vmware.allesin1hoster.nl,
vmware.blueworksinsights.com,
vmware.bonzone.net.br,
vmware.btgpr.com,
vmware.buzeenet.nl,
vmware.cdshostforyou.com,
vmware.chicagotechsupport.com,
vmware.comnet.co.uk,
vmware.gwsn.nl,
vmware.horafinita.nl,
vmware.hostednetwork.online,
vmware.hostingec2.com,
vmware.hostingmaster.net,
vmware.htakces.pl,
vmware.hwnettelecom.com.br,
vmware.incovis.com,
vmware.intacore.com,
vmware.irvinenetworks.com,
vmware.itmeeting.pl,
vmware.iz.de,
vmware.joann.com,
vmware.joeyalbers.nl,
vmware.level7br.com,
vmware.mchosting-services.com,
vmware.morkov.eu,
vmware.obrink.me,
vmware.nova-ict.nl,
vmware.rapidus.com.br,
vmware.ratio.uy,
vmware.dlinternet.com.br,
vmware.wirtznv.be,
vmware.mrhcloud.com,
vmware.ilogoindonesia.id,
vmware.opc-optics.de,
vmware.dev-ip.com,
vmware.icert.biz,
vmware.rainfocus.com,
vmware.makhhash.org,
vmware.shef.ac.uk,
vmware.advizex.com,
vmware.lenovo.com,
vmware.epizy.com,
vmware.netxprovedor.com.br,
vmware.altaro.com,
vmware.lu.se,
vmware.ervine.org,
vmware.chimeras.xyz,
vmware.projectbox.tech,
vmware.ptag.uk,
vmware.meerschman.net,
vmware.ne.tc,
vmware.persianblog.ir,
vmware.wangkaird.com,
vmware.tdcloud.nl,
vmware.peningoblog.com,
vmware.sdxdemo.net,
vmware.ljkelley.com,
vmware.gridger.com,
vmware.acs1.net,
vmware.b2v.ru,
vmware.baysfamily.info,
vmware.certificationlinks.com,
vmware.coolnik.pw,
vmware.deskhelp-systems.de,
vmware.morcisgaming.com,
vmware.fonia.fr,
vmware.majddar.fr,
vmware.brn.cz,
vmware.bto.pt,
vmware.logicalview.co.uk,
vmware.ds-location.be,
vmware.micomcs.net,
vmware.mnw.ru,
vmware.speedytelecom.net.br,
vmware.zotos.co.za,
vmware.humanbeinc.de,
vmware.igmedia.co.uk,
vmware.apismedia.com.br,
vmware.compile.se,
vmware.connectpartnerportal.com,
vmware.mercer.edu,
vmware.northerncrown.org,
vmware.olm1.com,
vmware.prontonettelecom.com.br,
vmware.rzkops.de,
vmware.thevericomgroup.com,
vmware.zeita.host,
vmware.proit.ee,
vmware.rreis.com,
vmware.stoneparkcafe.com,
vmware.downloadsh.com,
vmware.mediasite.com,
vmware.hipley.com.au,
vmware.rsc02.net,
vmware.fanhow.com,
vmware.namatahives.net,
vmware.cchcafeterias.com,
vmware.112cv.es,
vmware.tricotruck.com,
vmware.slapfive.com,
vmware.globalex.ro,
vmware.aircrack-ng.org,
vmware.koolkid.club,
vmware.ipnet.cz,
vmware.rechsteiner.at,
vmware.anysys.dk,
vmware.upb.ro,
vmware.en-manual.com,
vmware.gowayin.com,
vmware.mhengesbach.de,
vmware.ohrogee.com,
vmware.orhan.ws,
vmware.mypi.co,
vmware.nedir.com,
vmware.ownguard.ru,
vmware.pktunn.com,
vmware.rowlands.co.nz,
vmware.rvfibratelecom.com.br,
vmware.sad1.org,
vmware.secureoffsite.net,
vmware.sim-berry.com,
vmware.spider-net.cz,
vmware.srj.fm,
vmware.stuart-solutions.com,
vmware.tansinc.net,
vmware.umb.no,
vmware.uni-koblenz.de,
vmware.varicentondemand.com,
vmware.viegas.uk,
vmware.voip.kg,
vmware.webpanel.nl,
vmware.wpengine.com,
vmware.xporegistro.com,
vmware.10server.com,
vmware.absi.be,
vmware.awbtech.org,
vmware.be-tse.de,
vmware.bikealert.com,
vmware.cetima.de,
vmware.cloudendure.info,
vmware.cn.com,
vmware.csk.com.pl,
vmware.data-guard.online,
vmware.ddttechbox.org,
vmware.eqipe.ch,
vmware.galwaymedicalcentre.com,
vmware.intrepidit.tech,
vmware.it-lite.ru,
vmware.jay.net,
vmware.kisys.ch,
vmware.licensestore.jp,
vmware.likevn.com,
vmware.logitek.me,
vmware.marketingmix.com.au,
vmware.mediaoncloud.org,
vmware.millorsoft.eu,
vmware.mmit.com.mt,
vmware.weizmann.ac.il,
vmware.vohkus.com,
vmware.1800dentist.com,
vmware.heinstein.dk,
vmware.business-it.ch,
vmware.theinternetofthings.biz,
vmware.gntelecom.com.br,
vmware.concordant.co.uk,
vmware.ngl3.com,
vmware.scatty.nl,
vmware.pouf.org,
vmware.christian-schuhmann.de,
vmware.axioswine.com,
vmware.panfam.us,
vmware.vixen.uno,
vmware.montfirm.com,
vmware.backpage.pro,
vmware.verschooten.eu,
vmware.brainmatics.com,
vmware.centralit.dk,
vmware.marshallccdc.org,
vmware.metropolitanrepublic.co.za,
vmware.skyfi.co.za,
vmware.skyprep-admin.com,
vmware.dcicollect.com,
vmware.dedicadosnet.com.br,
vmware.goodgoodies.nl,
vmware.igsobe.com,
vmware.infoteck.online,
vmware.kgit.nl,
vmware.landofsand.com,
vmware.snto-msu.net,
vmware.vdc.mn,
vmware.momentum.ca,
vmware.remotewebaccess.com,
vmware.sanagatechnologies.com,
vmware.velkytynec.cz,
vmware.lyck.com,
vmware.mica.net,
vmware.sm.org,
vmware.artecoop.it,
vmware.bbros.it,
vmware.bordewich.net,
vmware.digitalskillsacademy.me,
vmware.dynasoftsolutions.es,
vmware.e-generar.com.ar,
vmware.electrocompaniet.no,
vmware.flexit.com.co,
vmware.grg.de,
vmware.hostershouse.com,
vmware.liquidstate.net,
vmware.loak12.org,
vmware.parceiroingrammicro.com.br,
vmware.szsigao.net,
vmware.thevegweb.com,
vmware.velodoch.ru,
vmware.volkssolidaritaet.de,
vmware.wepixel.co.uk,
vmware.www24.at,
vmware.x2desk.nl,
vmware.xeonnetz.de,
vmware.haaas.be,
vmware.farmradiomw.org,
vmware.rootifera.xyz,
vmware.purple-penguin.net,
vmware.vanden.hu,
vmware.wavefront.com,
vmware.bfh.ch,
vmware.weareapparent.com.au,
vmware.ab-archive.net,
vmware.bruntt.dk,
vmware.andante.or.jp,
vmware.caro.care,
vmware.bizbi.in,
vmware.justglobal.com,
vmware.canadahq.at,
vmware.impossibleengine.com,
vmware.rolepoint.com,
vmware.alom.com,
vmware.ultimate-hosting.it,
vmware.primeprint.ru,
vmware.sokolik.info,
vmware.pub.ro,
vmware.dariodiesel.com,
vmware.zaneray.com,
vmware.multicrear.com,
vmware.interad.at,
vmware.jinbei-caler.es,
vmware.malda.info,
vmware.meyer-systems.de,
vmware.oneal.eu,
vmware.apiowl.com,
vmware.arrcm.com,
vmware.atch.ch,
vmware.automation.jp,
vmware.azhosting.sk,
vmware.comercialthifer.com.br,
vmware.decofoam.com,
vmware.dev8ed.com,
vmware.ejedrzejow.pl,
vmware.epsitronic.net,
vmware.essmann.de,
vmware.fennum.com,
vmware.flairnet.de,
vmware.gnome-technology.cz,
vmware.ictvacatures.net,
vmware.igpfibra.com.br,
vmware.jaxcloudservices.net,
vmware.juneau.org,
vmware.junisoftex.pl,
vmware.kipalex.ru,
vmware.kumpeapps.com,
vmware.leukgevonden.nl,
vmware.mycloud.zone,
vmware.pkpolitics.com,
vmware.rocky.edu,
vmware.systemhaus-ehst.de,
vmware.theparsons.io,
vmware.planningresults.com,
vmware.revill.org.uk,
vmware.sover.net,
vmware.spacelab.se,
vmware.totalprotection.com,
vmware.webcentrale.eu,
vmware.westminstercollege.edu,
vmware.itgration.cloud,
vmware.smartcode.com,
vmware.itbox.sk,
vmware.tinhat.me.uk,
vmware.covrad.co.uk,
vmware.salefinding.com,
vmware.halito.eu,
vmware.regalixdigital.com,
vmware.hpjt.net,
vmware.dialplug.com,
vmware.stanly.edu,
vmware.afreecodec.com,
vmware.zhizuobiao.com,
vmware.solution.website,
vmware.wiclark.com,
vmware.dekievid.eu,
vmware.lauway.com,
vmware.uni-sofia.bg,
vmware.porat.ga,
vmware.toccato.com.br,
vmware.ervine.cloud,
vmware.zoom.com.cn,
vmware.zoom.us,
vmware.penmazing.nl,
vmware.fortilab.xyz,
vmware.majorwolf.net,
vmware.honas.be,
vmware.nicolas-frey.de,
vmware.boku.ac.at,
vmware.en-manuals.com,
vmware.9r.com.au,
vmware.agngaming.com,
vmware.aulasneo.link,
vmware.benc.edu.mx,
vmware.bi-cloud.fr,
vmware.bssoftware.com,
vmware.cactuarknight.com,
vmware.donesofar.com,
vmware.enterprisegrp.ca,
vmware.eurosign.ca,
vmware.flash-sfx.cz,
vmware.hebo.ml,
vmware.herculescontrol.com,
vmware.ingos.cz,
vmware.intellispace.net,
vmware.lobitos-consulting.com,
vmware.mms.co.uk,
vmware.ovhsupport.co.uk,
vmware.pactecinc.com,
vmware.ppohosted.fi,
vmware.securitas.de,
vmware.sigkill.io,
vmware.tegam.com,
vmware.vadireto.com,
vmware.vgroup.ru,
vmware.arhivi.lv,
vmware.nox-gaming.de,
vmware.pureteserver.com,
vmware.sat-online.it,
vmware.wetransfer.com,
vmware.thaison.edu.vn,
vmware.wansup.net,
vmware.poetzsch.xyz,
vmware.justskillman.com,
vmware.faltinsen.no,
vmware.brightfunds.org,
vmware.tihamapower.com,
vmware.alfabetvps.nl,
vmware.mandic.com.br,
vmware.elitefibra.net.br,
vmware.mbm.mn,
vmware.invites-you.com,
vmware.drazee.eu,
vmware.hendrikx-brandstoffen.be,
vmware.pissedconsumer.com,
vmware.itanetse.com.br,
vmware.lear360.net,
vmware.talex.pl,
vmware.qarchive.org,
vmware.ru-optom.ru,
vmware.unhabitat.org,
vmware.zimbra.com,
vmware.softpile.com,
vmware.andersonmotors.com,
vmware.xuanchenfaka.cn,
vmware.pcmspj.com,
vmware.donteatlead.com,
vmware.rtr.com,
vmware.ai-staging.com,
vmware.45creative.info,
vmware.aicenter.ae,
vmware.frankydsworld.com,
vmware.sofitechlab.com,
vmware.sefoimaging.it,
vmware.tolga.me,
vmware.esulaj.com,
vmware.battlecruiser.nl,
vmware.anwartextiles.com,
vmware.apacciooutlook.com,
vmware.aristware.net,
vmware.folloze.com,
vmware.beveiligdweb.nl,
vmware.cablelink.com.ph,
vmware.cacin.net,
vmware.caffeinatedengineers.com,
vmware.casamyers.com.mx,
vmware.chelseajewish.org,
vmware.clking.com,
vmware.colton.com,
vmware.dc-servers.com,
vmware.deepermobile.com.cn,
vmware.despe.de,
vmware.emypa.com,
vmware.fpcloud.ca,
vmware.gpdhost.com,
vmware.grepnet.cz,
vmware.houtenbos.eu,
vmware.integrativehealthsolutions.com.au,
vmware.it-x.net,
vmware.it.net,
vmware.itbits.nl,
vmware.joshandmonique.com,
vmware.licef.ca,
vmware.masupervision.fr,
vmware.mdm.im,
vmware.midhgard.it,
vmware.navicron.com,
vmware.nbtconsult.com,
vmware.netcrowd.org,
vmware.netsons.com,
vmware.pandr.co,
vmware.redea2telecom.com.br,
vmware.reichenbach-gmbh.de,
vmware.rosenhagen.net,
vmware.roxen.com,
vmware.serverrack.net,
vmware.specialattack.net,
vmware.ssw-uk.net,
vmware.sulservers.com.br,
vmware.szsjh.cz,
vmware.talha.com,
vmware.teamixlabs.de,
vmware.thalamusnetwork.net,
vmware.theciosolutions.com,
vmware.thehood.nl,
vmware.ties2.net,
vmware.tvbytes.io,
vmware.webhoop.com,
vmware.wpk3.nl,
vmware.zeusautomacao.com.br,
vmware.haxcess.com,
vmware.wrctelecom.tv.br,
vmware.myfamilyweb.fr,
vmware.iptelecomisp.com.br,
vmware.idglabs.info,
vmware.ulitzer.com,
vmware.g12.pe.kr,
vmware.grr.cloud,
vmware.jhana.com,
vmware.liftruckinc.com,
vmware.dtecta.com,
vmware.jibeapply.com,
vmware.tyand.net,
vmware.awmckinley.net,
vmware.labardees.com,
vmware.wilsons.online,
vmware.jmprojetoarduino.tech,
vmware.xeys.fr,